product_id,images
fa8e22d6-c0b6-5229-bb9e-ad52eda39a0a,fa8e22d6-c0b6-5229-bb9e-ad52eda39a0a.jpg
893e6980-f2a0-531f-b056-34dd63fe912c,893e6980-f2a0-531f-b056-34dd63fe912c.jpg
eb4c8eab-8206-59d0-bcd1-a724d96bf74f,eb4c8eab-8206-59d0-bcd1-a724d96bf74f.jpg
3f3f97bb-5faf-57df-a9ff-1af24e2b1045,3f3f97bb-5faf-57df-a9ff-1af24e2b1045.jpg
750caa3d-6264-53ca-8ce1-94118a1d8951,750caa3d-6264-53ca-8ce1-94118a1d8951.jpg
9af4ac75-230b-5d51-8bbf-2ffb19aaa763,9af4ac75-230b-5d51-8bbf-2ffb19aaa763.jpg
1b1d40cc-4eaa-54cf-8938-e59ecae5f19e,1b1d40cc-4eaa-54cf-8938-e59ecae5f19e.jpg
a33cf2e2-c5e4-5f06-b3aa-8f46a6fd1aef,a33cf2e2-c5e4-5f06-b3aa-8f46a6fd1aef.jpg
ab4f0cca-6a84-51e1-b7e8-523724db8728,ab4f0cca-6a84-51e1-b7e8-523724db8728.jpg
f8a91e89-c5db-5fa5-9428-1f580a72d05e,f8a91e89-c5db-5fa5-9428-1f580a72d05e.jpg
002b976d-e1b3-5005-ad75-f8ac821380e9,002b976d-e1b3-5005-ad75-f8ac821380e9.jpg
1259d286-33b5-5ba8-9734-08a69cb30de6,1259d286-33b5-5ba8-9734-08a69cb30de6.jpg
79ed89b0-1e6e-592a-af31-67c092b44f7d,79ed89b0-1e6e-592a-af31-67c092b44f7d.jpg
798fb84a-9a86-5fae-8916-122796bf5d55,798fb84a-9a86-5fae-8916-122796bf5d55.jpg
f764aca2-e9c4-5f1a-bbe7-26504f533343,f764aca2-e9c4-5f1a-bbe7-26504f533343.jpg
05301848-4de8-50f1-be17-156e81438358,05301848-4de8-50f1-be17-156e81438358.jpg
6b303174-c28d-56a1-9753-8155dbe0b7dd,6b303174-c28d-56a1-9753-8155dbe0b7dd.jpg
420f2354-2c8e-55b5-a470-db14b60eea80,420f2354-2c8e-55b5-a470-db14b60eea80.jpg
c8f15cb0-3465-5cbf-b05a-f36bfff5fe34,c8f15cb0-3465-5cbf-b05a-f36bfff5fe34.jpg
2cc3eb4c-42b5-5bc5-9eb6-0f438f45dd58,2cc3eb4c-42b5-5bc5-9eb6-0f438f45dd58.jpg
91cfe4ca-af09-53b0-8d97-a046603103f9,91cfe4ca-af09-53b0-8d97-a046603103f9.jpg
155f8267-3b41-5a81-a894-623821f8db11,155f8267-3b41-5a81-a894-623821f8db11.jpg
df53e128-9e88-5272-8420-375b5193364d,df53e128-9e88-5272-8420-375b5193364d.jpg
4bd87d93-7851-5536-9804-9c6d502809dc,4bd87d93-7851-5536-9804-9c6d502809dc.jpg
3790f160-a583-5b62-a21f-2e370385deec,3790f160-a583-5b62-a21f-2e370385deec.jpg
7041cab8-f1c3-52a9-9c72-4d34e8da81c1,7041cab8-f1c3-52a9-9c72-4d34e8da81c1.jpg
3eddef1d-6629-5af6-9c82-135fdd735eb0,3eddef1d-6629-5af6-9c82-135fdd735eb0.jpg
a4a976d7-483d-5fff-8e75-cdc481138215,a4a976d7-483d-5fff-8e75-cdc481138215.jpg
54d813b8-a3e2-584a-a477-0bd381c638b6,54d813b8-a3e2-584a-a477-0bd381c638b6.jpg
a1dfd440-c820-582c-956b-482997392b50,a1dfd440-c820-582c-956b-482997392b50.jpg
5b5d6a26-0309-5223-8f1d-4a282503aafa,5b5d6a26-0309-5223-8f1d-4a282503aafa.jpg
f3a1f99a-82a7-5209-b29f-6d5f3d6baf9a,f3a1f99a-82a7-5209-b29f-6d5f3d6baf9a.jpg
f81bebd0-6380-5a45-8c36-8ee4b28d6ef3,f81bebd0-6380-5a45-8c36-8ee4b28d6ef3.jpg
ca8442a4-f874-5b0b-a8a8-c49df5c8b50f,ca8442a4-f874-5b0b-a8a8-c49df5c8b50f.jpg
ec6ff32a-955a-5e9e-898b-fb0b6b9c6927,ec6ff32a-955a-5e9e-898b-fb0b6b9c6927.jpg
087455fa-3de2-562a-8895-db3d220970bf,087455fa-3de2-562a-8895-db3d220970bf.jpg
a14bb46e-e540-57ca-97bb-886fef225145,a14bb46e-e540-57ca-97bb-886fef225145.jpg
551c1834-3630-5083-b00d-33728def5ec8,551c1834-3630-5083-b00d-33728def5ec8.jpg
1846e0f1-db8a-5179-98f9-2bd753887cff,1846e0f1-db8a-5179-98f9-2bd753887cff.jpg
a9eb7182-d4e4-57dc-aedc-eb9016196d61,a9eb7182-d4e4-57dc-aedc-eb9016196d61.jpg
0d07ef82-a00b-57b9-9f72-38a5a234d9d3,0d07ef82-a00b-57b9-9f72-38a5a234d9d3.jpg
8e7e8102-60bf-5637-8f99-a2407483ac5f,8e7e8102-60bf-5637-8f99-a2407483ac5f.jpg
f75bd4e5-7316-5469-9d7a-d9db5a382cdd,f75bd4e5-7316-5469-9d7a-d9db5a382cdd.jpg
d85d1404-f4ff-5c58-ad2d-953200722135,d85d1404-f4ff-5c58-ad2d-953200722135.jpg
3d6a34c8-8445-5695-a6e1-95004d005050,3d6a34c8-8445-5695-a6e1-95004d005050.jpg
db53a2e8-3b7d-59fb-9aa9-f8c1b4492e7b,db53a2e8-3b7d-59fb-9aa9-f8c1b4492e7b.jpg
75d51736-f72e-58b2-acde-92041cda7aec,75d51736-f72e-58b2-acde-92041cda7aec.jpg
aba0b81f-2b63-54b2-8828-1e89e40c9b32,aba0b81f-2b63-54b2-8828-1e89e40c9b32.jpg
0d60a22c-1abf-5052-b376-1d930ef2b96f,0d60a22c-1abf-5052-b376-1d930ef2b96f.jpg
866482a0-a571-5c8a-b3f9-a8b3189d442e,866482a0-a571-5c8a-b3f9-a8b3189d442e.jpg
e1d17155-a825-5f39-9ae3-2ba45c98a42b,e1d17155-a825-5f39-9ae3-2ba45c98a42b.jpg
9eb1787a-ff3d-593b-9cd0-71ba09ca31c5,9eb1787a-ff3d-593b-9cd0-71ba09ca31c5.jpg
153de2b9-46d5-5f89-8f20-632d00be5b1d,153de2b9-46d5-5f89-8f20-632d00be5b1d.jpg
9d95c319-399c-5207-88cb-2a404c9933e0,9d95c319-399c-5207-88cb-2a404c9933e0.jpg
6cd3f4b1-6c47-5345-90ea-6b13b767be7c,6cd3f4b1-6c47-5345-90ea-6b13b767be7c.jpg
00379264-3e9e-5797-8ed9-3161784d77fc,00379264-3e9e-5797-8ed9-3161784d77fc.jpg
61ea031d-bcfb-5bb4-a486-0a21a1a0aaa2,61ea031d-bcfb-5bb4-a486-0a21a1a0aaa2.jpg
45566554-dda8-5a20-b906-770b83992027,45566554-dda8-5a20-b906-770b83992027.jpg
a68e94f6-a777-5493-8d9b-bdab91f20586,a68e94f6-a777-5493-8d9b-bdab91f20586.jpg
37d98836-37d4-5814-a108-1b7a5b6b8d0a,37d98836-37d4-5814-a108-1b7a5b6b8d0a.jpg
1e865a0f-09df-525c-9fb2-3d539088a1a4,1e865a0f-09df-525c-9fb2-3d539088a1a4.jpg
026059ed-57aa-57db-8d0e-2ffc0d46d820,026059ed-57aa-57db-8d0e-2ffc0d46d820.jpg
c29e687a-e562-56c5-8d38-3cba424ed893,c29e687a-e562-56c5-8d38-3cba424ed893.jpg
dc21450e-5bf8-5501-8945-c1e8aa7fcd2e,dc21450e-5bf8-5501-8945-c1e8aa7fcd2e.jpg
7169c8e8-3431-573c-a244-7b027063b6f2,7169c8e8-3431-573c-a244-7b027063b6f2.jpg
d022a9c7-7b77-5a44-9cb2-24cdf43eb911,d022a9c7-7b77-5a44-9cb2-24cdf43eb911.jpg
70bd51f9-6364-5ec8-aa05-f7013d2951bc,70bd51f9-6364-5ec8-aa05-f7013d2951bc.jpg
f396f7d8-56e4-5da0-8d36-276b853515ea,f396f7d8-56e4-5da0-8d36-276b853515ea.jpg
655cfa59-6c3e-516c-828c-679d8944bc89,655cfa59-6c3e-516c-828c-679d8944bc89.jpg
4083512b-3265-5f34-8cb1-5e863ae99432,4083512b-3265-5f34-8cb1-5e863ae99432.jpg
5df8e725-c8af-526a-b8cb-6c835634054b,5df8e725-c8af-526a-b8cb-6c835634054b.jpg
45b3454e-36f8-5097-8faa-824e5bfa2646,45b3454e-36f8-5097-8faa-824e5bfa2646.jpg
bc2f0804-b340-5087-903d-7edf587a630d,bc2f0804-b340-5087-903d-7edf587a630d.jpg
d27591d7-1900-5ef9-804f-7600dc1e3aa1,d27591d7-1900-5ef9-804f-7600dc1e3aa1.jpg
e1939623-38b9-5949-9152-a7ccd53648d3,e1939623-38b9-5949-9152-a7ccd53648d3.jpg
5530d38e-cdbf-57d2-bab9-fb4ad65c31b9,5530d38e-cdbf-57d2-bab9-fb4ad65c31b9.jpg
9a04f727-7f25-505b-a9be-1f605d065917,9a04f727-7f25-505b-a9be-1f605d065917.jpg
79e355a0-69e2-5481-a078-56a60573e62a,79e355a0-69e2-5481-a078-56a60573e62a.jpg
86f66563-86d8-51c8-a7fc-e03870c7c8e1,86f66563-86d8-51c8-a7fc-e03870c7c8e1.jpg
56a2d969-520e-52e7-af07-ff675b5af8ac,56a2d969-520e-52e7-af07-ff675b5af8ac.jpg
fd7617e1-f551-5d7b-a40e-148b7835de1a,fd7617e1-f551-5d7b-a40e-148b7835de1a.jpg
59585ea9-ce06-5ad6-8567-21499fd3ac1c,59585ea9-ce06-5ad6-8567-21499fd3ac1c.jpg
6d35409c-7412-5556-bc13-f0077e8ba7b5,6d35409c-7412-5556-bc13-f0077e8ba7b5.jpg
33a1d14b-ca83-50e8-8bae-4acffdfaeac1,33a1d14b-ca83-50e8-8bae-4acffdfaeac1.jpg
ad8b00ac-2573-581a-b389-278fd54c9c15,ad8b00ac-2573-581a-b389-278fd54c9c15.jpg
779fdc29-7eba-547c-bf10-85469b60bd7e,779fdc29-7eba-547c-bf10-85469b60bd7e.jpg
a6175bbd-b0f8-5df2-a5e2-2a27736a9451,a6175bbd-b0f8-5df2-a5e2-2a27736a9451.jpg
adb16576-7ec8-5f03-a770-9998befa2296,adb16576-7ec8-5f03-a770-9998befa2296.jpg
47eb8b11-a5ab-5412-84a7-7db6f8b7a9f5,47eb8b11-a5ab-5412-84a7-7db6f8b7a9f5.jpg
125019b4-7e1b-5e5e-a054-7f9189707765,125019b4-7e1b-5e5e-a054-7f9189707765.jpg
ba85119e-ceab-5edc-abc5-e01f4d88be6f,ba85119e-ceab-5edc-abc5-e01f4d88be6f.jpg
99e4df32-6e1c-5f48-a97d-e558393c8b07,99e4df32-6e1c-5f48-a97d-e558393c8b07.jpg
f0ffe0d1-b192-52ed-a82c-1ab3a61d59d8,f0ffe0d1-b192-52ed-a82c-1ab3a61d59d8.jpg
c8d06a9d-3d6c-545d-993f-42d8cadca752,c8d06a9d-3d6c-545d-993f-42d8cadca752.jpg
30b21de2-2df4-5ed8-829f-cc62a5c7fa81,30b21de2-2df4-5ed8-829f-cc62a5c7fa81.jpg
43577c4c-fb17-5cf2-a6ff-5e20470b9e13,43577c4c-fb17-5cf2-a6ff-5e20470b9e13.jpg
24b6361b-0535-51fd-9c69-af39172d903c,24b6361b-0535-51fd-9c69-af39172d903c.jpg
a549a2af-504f-59bd-ae23-7acb21ec5d11,a549a2af-504f-59bd-ae23-7acb21ec5d11.jpg
8d92559c-6538-5f0c-bc6a-a880207b789d,8d92559c-6538-5f0c-bc6a-a880207b789d.jpg
2c1d532e-7f8e-5b94-a629-b4c95fd9ddb7,2c1d532e-7f8e-5b94-a629-b4c95fd9ddb7.jpg
3c881c48-c6a0-54e8-bea5-728755ce6fd5,3c881c48-c6a0-54e8-bea5-728755ce6fd5.jpg
4c4434e6-4650-5e13-ac04-aa7ac1293f87,4c4434e6-4650-5e13-ac04-aa7ac1293f87.jpg
6b6227de-bb3e-59a8-adfa-0e29396c99d0,6b6227de-bb3e-59a8-adfa-0e29396c99d0.jpg
a59a0c15-da20-549f-875d-8494318cf983,a59a0c15-da20-549f-875d-8494318cf983.jpg
77722f01-cdbc-54c7-af08-cca54af1a606,77722f01-cdbc-54c7-af08-cca54af1a606.jpg
99a42e83-d531-5ab6-bc28-a0e25e29d37d,99a42e83-d531-5ab6-bc28-a0e25e29d37d.jpg
371e050a-57aa-5cd5-a19c-7620bab6a099,371e050a-57aa-5cd5-a19c-7620bab6a099.jpg
56f4eb5c-43c9-5049-bd62-bde36c0e302b,56f4eb5c-43c9-5049-bd62-bde36c0e302b.jpg
0dfd8d60-d727-5e70-b433-7699bb91fd99,0dfd8d60-d727-5e70-b433-7699bb91fd99.jpg
26865498-7b85-5e71-911a-dadb46c41f9e,26865498-7b85-5e71-911a-dadb46c41f9e.jpg
af79233f-978b-52fa-b366-f9d381138b76,af79233f-978b-52fa-b366-f9d381138b76.jpg
3f00d4fe-5226-5c4a-b8de-0cdc75393fcc,3f00d4fe-5226-5c4a-b8de-0cdc75393fcc.jpg
9bb45d10-4b67-5f9e-977e-ead2d350282b,9bb45d10-4b67-5f9e-977e-ead2d350282b.jpg
c701c801-5969-51ab-acd8-1390f1eb8c5e,c701c801-5969-51ab-acd8-1390f1eb8c5e.jpg
b76d84cd-677c-588c-8efb-649454de0ef9,b76d84cd-677c-588c-8efb-649454de0ef9.jpg
3a6ec4a1-55e8-5578-b34f-3cfe63c096b2,3a6ec4a1-55e8-5578-b34f-3cfe63c096b2.jpg
2a26c55c-346a-5cce-a6e8-a862586ae76f,2a26c55c-346a-5cce-a6e8-a862586ae76f.jpg
17867ea7-9d8e-5d76-a5e5-2cc74119ba2f,17867ea7-9d8e-5d76-a5e5-2cc74119ba2f.jpg
7c3e66ba-09be-5b7c-a71f-a28c8a711bb5,7c3e66ba-09be-5b7c-a71f-a28c8a711bb5.jpg
59790038-4fc5-5b8d-b50a-20c33af7892d,59790038-4fc5-5b8d-b50a-20c33af7892d.jpg
bae1f04f-3023-5cc6-9138-f89147207360,bae1f04f-3023-5cc6-9138-f89147207360.jpg
0eaadb42-2ba0-53d9-8eaf-1b1a55d11b25,0eaadb42-2ba0-53d9-8eaf-1b1a55d11b25.jpg
81d2a5be-181d-55b6-b7e4-b8fc850d6bad,81d2a5be-181d-55b6-b7e4-b8fc850d6bad.jpg
1f4aba8b-f829-5635-8c9a-4efde3b671d7,1f4aba8b-f829-5635-8c9a-4efde3b671d7.jpg
aa35d7aa-84b1-578d-bdda-741b3cd27db6,aa35d7aa-84b1-578d-bdda-741b3cd27db6.jpg
e7b092b1-b096-5b8b-9c88-7be281babaa8,e7b092b1-b096-5b8b-9c88-7be281babaa8.jpg
45e836fa-9f13-59d3-ab1a-58110114d839,45e836fa-9f13-59d3-ab1a-58110114d839.jpg
e1d59a35-f6c0-5b74-97eb-036c45d5d625,e1d59a35-f6c0-5b74-97eb-036c45d5d625.jpg
13f89ee8-0bae-5fee-a681-cdd4c62c9df2,13f89ee8-0bae-5fee-a681-cdd4c62c9df2.jpg
26d4373c-6e5a-5106-bd31-07175e83a8c9,26d4373c-6e5a-5106-bd31-07175e83a8c9.jpg
61c48e7e-05c4-5a16-8a26-3d4747958354,61c48e7e-05c4-5a16-8a26-3d4747958354.jpg
1f7316f2-4ab2-5a18-a3f3-9ad8fbff40d0,1f7316f2-4ab2-5a18-a3f3-9ad8fbff40d0.jpg
eb4d525c-11c2-56b3-b8dc-82b9c6031718,eb4d525c-11c2-56b3-b8dc-82b9c6031718.jpg
cfb0efc6-c8f3-5ccf-bc14-a2bd02b7fe4f,cfb0efc6-c8f3-5ccf-bc14-a2bd02b7fe4f.jpg
e16ea8d9-97cf-5308-9ea6-4ee852e46077,e16ea8d9-97cf-5308-9ea6-4ee852e46077.jpg
237c1d76-fd13-5fb8-9af3-39b2c7b35aae,237c1d76-fd13-5fb8-9af3-39b2c7b35aae.jpg
07d8ca96-62b6-5186-8c7f-54984a016de1,07d8ca96-62b6-5186-8c7f-54984a016de1.jpg
bb2f898a-04db-56bd-9671-6d5e506be29d,bb2f898a-04db-56bd-9671-6d5e506be29d.jpg
339cd55f-b88b-563a-a2d1-4a5e9aeaf7e8,339cd55f-b88b-563a-a2d1-4a5e9aeaf7e8.jpg
e4605582-cce4-5bdf-9cad-693b4c5c6ac6,e4605582-cce4-5bdf-9cad-693b4c5c6ac6.jpg
00b743c7-2f0c-550e-85c8-d37bec8807d1,00b743c7-2f0c-550e-85c8-d37bec8807d1.jpg
3ca5e0cd-2a6d-5a71-bb9e-860138125939,3ca5e0cd-2a6d-5a71-bb9e-860138125939.jpg
0741260f-216c-5558-aaba-9f5c541c3088,0741260f-216c-5558-aaba-9f5c541c3088.jpg
c214c025-a5db-5115-8d2b-24e37ec85e7d,c214c025-a5db-5115-8d2b-24e37ec85e7d.jpg
71fb8035-0055-55fa-ad23-88555e04ce94,71fb8035-0055-55fa-ad23-88555e04ce94.jpg
8ec9a5ea-4384-56d3-bd58-bfb7c7ed01e7,8ec9a5ea-4384-56d3-bd58-bfb7c7ed01e7.jpg
00c81e5f-97b9-5db4-aad9-46823a874e0b,00c81e5f-97b9-5db4-aad9-46823a874e0b.jpg
4e296d05-74c0-5776-815d-eb782deecd31,4e296d05-74c0-5776-815d-eb782deecd31.jpg
f6741be4-b00e-5c3d-8a2c-5db44b7fe07d,f6741be4-b00e-5c3d-8a2c-5db44b7fe07d.jpg
255d4090-d9b4-566f-9ecf-b143b0d29eaf,255d4090-d9b4-566f-9ecf-b143b0d29eaf.jpg
3df9d990-daee-5593-ad00-5be46bc68c53,3df9d990-daee-5593-ad00-5be46bc68c53.jpg
10cfa95a-49a6-5b43-8633-fee4dcd43d8a,10cfa95a-49a6-5b43-8633-fee4dcd43d8a.jpg
6dbdd2a0-e257-5533-88a8-cac2d4648fd7,6dbdd2a0-e257-5533-88a8-cac2d4648fd7.jpg
e433b45a-cb42-5e4d-9d76-68c932a5b7f5,e433b45a-cb42-5e4d-9d76-68c932a5b7f5.jpg
64508bdf-5080-541f-86f7-845e6852c203,64508bdf-5080-541f-86f7-845e6852c203.jpg
485e5c62-169e-5b53-a01f-27a20979bc5c,485e5c62-169e-5b53-a01f-27a20979bc5c.jpg
cee2a45b-ee50-5e0f-a746-434db903c9db,cee2a45b-ee50-5e0f-a746-434db903c9db.jpg
ba729863-21c5-5c86-9b3e-b614c3361f74,ba729863-21c5-5c86-9b3e-b614c3361f74.jpg
4609336e-cca6-5144-a6c4-650f80d0c955,4609336e-cca6-5144-a6c4-650f80d0c955.jpg
a6f87604-0db1-577b-b60c-19e8f86f79ea,a6f87604-0db1-577b-b60c-19e8f86f79ea.jpg
48c5db19-2416-5644-952d-30d0eefde90a,48c5db19-2416-5644-952d-30d0eefde90a.jpg
c824dd8e-66d9-5c15-9e85-fc4b39f31df2,c824dd8e-66d9-5c15-9e85-fc4b39f31df2.jpg
a33d3ce9-2579-5d3d-8a3f-d906b0124806,a33d3ce9-2579-5d3d-8a3f-d906b0124806.jpg
73f6539a-6e2b-5c39-92bd-2e98b2e4d056,73f6539a-6e2b-5c39-92bd-2e98b2e4d056.jpg
fc9d794a-5774-5e4f-a956-21a4f086b6eb,fc9d794a-5774-5e4f-a956-21a4f086b6eb.jpg
fd2e567f-4b78-5daf-b89c-6cd7dcdcd5f4,fd2e567f-4b78-5daf-b89c-6cd7dcdcd5f4.jpg
13350348-b0e5-57b1-b023-58421defbd5c,13350348-b0e5-57b1-b023-58421defbd5c.jpg
e3545c7b-ec72-5560-947f-e7edb9bf84c5,e3545c7b-ec72-5560-947f-e7edb9bf84c5.jpg
a68ef23f-8174-5856-9636-d1a770bf6d22,a68ef23f-8174-5856-9636-d1a770bf6d22.jpg
b841d147-225b-50a0-bbc3-f75b025eae7a,b841d147-225b-50a0-bbc3-f75b025eae7a.jpg
07de9670-2986-56a6-a1e3-b080cd9b6efe,07de9670-2986-56a6-a1e3-b080cd9b6efe.jpg
d8f577da-9e61-5707-8e9a-afa2b9e51c0a,d8f577da-9e61-5707-8e9a-afa2b9e51c0a.jpg
734b597c-e169-57c8-b61a-6fb9fa2fa251,734b597c-e169-57c8-b61a-6fb9fa2fa251.jpg
f7bc6f59-2711-51c6-b2d3-4182a4adea30,f7bc6f59-2711-51c6-b2d3-4182a4adea30.jpg
5f6315d2-3fd1-516e-99ea-97c5a88ec3fa,5f6315d2-3fd1-516e-99ea-97c5a88ec3fa.jpg
77e056d5-c4c8-5bad-9862-fc5a58bd6d60,77e056d5-c4c8-5bad-9862-fc5a58bd6d60.jpg
f3993fb9-f3eb-5588-ad7b-0d8164ef36a1,f3993fb9-f3eb-5588-ad7b-0d8164ef36a1.jpg
5b314573-1d89-5348-b44e-1f19e44e8bbb,5b314573-1d89-5348-b44e-1f19e44e8bbb.jpg
1e53e58e-50aa-50af-948c-e57c3208142a,1e53e58e-50aa-50af-948c-e57c3208142a.jpg
8396c6dd-89ab-5c8e-9d0f-fa3825ab810e,8396c6dd-89ab-5c8e-9d0f-fa3825ab810e.jpg
8145783d-4685-56bf-b6ea-4ffa7070ba03,8145783d-4685-56bf-b6ea-4ffa7070ba03.jpg
607b9f46-7f73-57c8-bfff-51195b484408,607b9f46-7f73-57c8-bfff-51195b484408.jpg
68b986cd-aa33-5dfa-a99c-ff4a9dfb6066,68b986cd-aa33-5dfa-a99c-ff4a9dfb6066.jpg
0f49fb68-100b-57b2-8eab-fb1f576ebafb,0f49fb68-100b-57b2-8eab-fb1f576ebafb.jpg
9ef0337a-ca6c-5fb0-bc18-e11306ef67c7,9ef0337a-ca6c-5fb0-bc18-e11306ef67c7.jpg
8a677e75-b4d9-577e-8836-f3c9d199d97a,8a677e75-b4d9-577e-8836-f3c9d199d97a.jpg
d76e80e8-25b8-5eee-9cba-5e08156f6217,d76e80e8-25b8-5eee-9cba-5e08156f6217.jpg
47d2afa6-b137-5133-87af-0e8aee7c3bb1,47d2afa6-b137-5133-87af-0e8aee7c3bb1.jpg
3f213853-b940-5e9a-989a-69b2f46ba642,3f213853-b940-5e9a-989a-69b2f46ba642.jpg
339a2604-973e-5ab9-9587-fcb80c3d4b55,339a2604-973e-5ab9-9587-fcb80c3d4b55.jpg
b72c1f5a-96a9-5bb5-b6fb-165a6a6d6fdf,b72c1f5a-96a9-5bb5-b6fb-165a6a6d6fdf.jpg
3fcb859a-0d9c-5d3a-a8f6-15749c4da779,3fcb859a-0d9c-5d3a-a8f6-15749c4da779.jpg
3f4c5da9-e7b3-5ddb-9483-18acafe9095c,3f4c5da9-e7b3-5ddb-9483-18acafe9095c.jpg
717dbc88-1465-5ba3-bc53-953c59149f4a,717dbc88-1465-5ba3-bc53-953c59149f4a.jpg
83e095c0-eba4-5c92-9162-c9ad287d4030,83e095c0-eba4-5c92-9162-c9ad287d4030.jpg
e85da67a-d3ec-57a6-a77d-e395bfddd492,e85da67a-d3ec-57a6-a77d-e395bfddd492.jpg
3f727bc6-9b92-5040-b28a-4d7a8277cb1d,3f727bc6-9b92-5040-b28a-4d7a8277cb1d.jpg
12f4f68a-48f2-5c86-bf95-6497e700217a,12f4f68a-48f2-5c86-bf95-6497e700217a.jpg
12c22b4a-3b3f-526b-9e1b-cef7dbaac3a7,12c22b4a-3b3f-526b-9e1b-cef7dbaac3a7.jpg
fa671f85-d89f-5b0a-a146-57c18ad3fd76,fa671f85-d89f-5b0a-a146-57c18ad3fd76.jpg
260adbc0-e341-5ec0-810d-19aa2f281383,260adbc0-e341-5ec0-810d-19aa2f281383.jpg
1627e6dc-762a-5115-ac03-d476f758813c,1627e6dc-762a-5115-ac03-d476f758813c.jpg
6f7991f1-30e5-56b3-b9af-860c888849e1,6f7991f1-30e5-56b3-b9af-860c888849e1.jpg
1bdc8aa0-6ced-5725-99d5-f04d6fea7910,1bdc8aa0-6ced-5725-99d5-f04d6fea7910.jpg
c9a840f9-c4ca-5a5b-829c-f7c5261fc298,c9a840f9-c4ca-5a5b-829c-f7c5261fc298.jpg
7ff7b797-2c82-5e0e-adde-a9e8b5741942,7ff7b797-2c82-5e0e-adde-a9e8b5741942.jpg
3c5af4aa-3bb1-5543-86f7-7e2d0c30685a,3c5af4aa-3bb1-5543-86f7-7e2d0c30685a.jpg
039502bd-41ba-5a9e-868c-3dc4b3be5e3d,039502bd-41ba-5a9e-868c-3dc4b3be5e3d.jpg
9f37c5d1-d265-5066-b4bb-e361b4028c58,9f37c5d1-d265-5066-b4bb-e361b4028c58.jpg
efd42cfe-d96d-5fb8-8913-b44e65731410,efd42cfe-d96d-5fb8-8913-b44e65731410.jpg
ecac13db-a3f8-59b8-a6b5-67d1bb795cc5,ecac13db-a3f8-59b8-a6b5-67d1bb795cc5.jpg
9ba73be0-aa13-51c7-92cb-aaa595a82988,9ba73be0-aa13-51c7-92cb-aaa595a82988.jpg
e0468702-0669-5b09-8113-056b36251500,e0468702-0669-5b09-8113-056b36251500.jpg
1964f10e-5839-5abc-b14d-dd5cb3306929,1964f10e-5839-5abc-b14d-dd5cb3306929.jpg
1b621c5e-1c21-5840-af0f-bc12d1a81ef2,1b621c5e-1c21-5840-af0f-bc12d1a81ef2.jpg
b6612a63-9bc9-58b5-ab40-5d8e7c3cab49,b6612a63-9bc9-58b5-ab40-5d8e7c3cab49.jpg
e0a2697d-d5e4-5f08-9ddb-ceabc9b93b01,e0a2697d-d5e4-5f08-9ddb-ceabc9b93b01.jpg
bd15ea74-5ee7-5b0a-8934-a2aa08332670,bd15ea74-5ee7-5b0a-8934-a2aa08332670.jpg
2fd80495-83fc-512c-9142-1553fde771a6,2fd80495-83fc-512c-9142-1553fde771a6.jpg
e839dbe3-c49c-59cc-b6c9-57008b22bce0,e839dbe3-c49c-59cc-b6c9-57008b22bce0.jpg
1b4c7081-b3ce-59e6-b75d-b14813e247f1,1b4c7081-b3ce-59e6-b75d-b14813e247f1.jpg
15c973cd-29c3-540a-890e-8a71850d920a,15c973cd-29c3-540a-890e-8a71850d920a.jpg
dd10368e-d887-51d1-8822-d550e2c5d6ad,dd10368e-d887-51d1-8822-d550e2c5d6ad.jpg
92602965-0622-5fed-baf8-8925f4e546e5,92602965-0622-5fed-baf8-8925f4e546e5.jpg
cbdb8ba2-77e4-5ef5-a07e-7a40337b188c,cbdb8ba2-77e4-5ef5-a07e-7a40337b188c.jpg
4736748c-8517-52f4-b76e-d3a630b4b393,4736748c-8517-52f4-b76e-d3a630b4b393.jpg
f2de7f35-d3b6-5fd0-87ef-16519a0e1eba,f2de7f35-d3b6-5fd0-87ef-16519a0e1eba.jpg
ae60826e-a327-5a65-9c9e-dfdaf024714f,ae60826e-a327-5a65-9c9e-dfdaf024714f.jpg
dd2c77b8-0bce-5707-8414-6603b4562c1b,dd2c77b8-0bce-5707-8414-6603b4562c1b.jpg
aa6ad8c5-5391-5d3f-8a9a-bd9b765b659c,aa6ad8c5-5391-5d3f-8a9a-bd9b765b659c.jpg
6c96e08a-d198-5304-ac9b-a17abb9aceec,6c96e08a-d198-5304-ac9b-a17abb9aceec.jpg
9ab27c45-8507-5b8d-861d-7bcede0c1e74,9ab27c45-8507-5b8d-861d-7bcede0c1e74.jpg
f336aaa5-7b6f-5ee1-a27d-d79527e3703f,f336aaa5-7b6f-5ee1-a27d-d79527e3703f.jpg
9e606901-5d50-5607-99ae-c62fcefeb9aa,9e606901-5d50-5607-99ae-c62fcefeb9aa.jpg
48059ba9-496d-5cfe-acab-8ead466daed2,48059ba9-496d-5cfe-acab-8ead466daed2.jpg
0f55ebb2-dee8-5fca-b708-bb6b897dbf5e,0f55ebb2-dee8-5fca-b708-bb6b897dbf5e.jpg
dde57f35-69b0-5079-b124-2f350238cdd8,dde57f35-69b0-5079-b124-2f350238cdd8.jpg
348e9d95-337e-539f-aaf9-c50935260de9,348e9d95-337e-539f-aaf9-c50935260de9.jpg
9e59e37d-e4d4-533f-ae4e-245cf6c4c299,9e59e37d-e4d4-533f-ae4e-245cf6c4c299.jpg
bf1b7a70-6b45-563a-abed-04621c5ed69a,bf1b7a70-6b45-563a-abed-04621c5ed69a.jpg
510e5072-7879-5f7e-8765-15149b74fa08,510e5072-7879-5f7e-8765-15149b74fa08.jpg
3550151a-0e72-538e-8c88-bd7a4f6bdd26,3550151a-0e72-538e-8c88-bd7a4f6bdd26.jpg
858df2f9-ce81-5fdc-b295-f86215979101,858df2f9-ce81-5fdc-b295-f86215979101.jpg
114e68bc-d89c-5b16-9142-4f4c19fbb860,114e68bc-d89c-5b16-9142-4f4c19fbb860.jpg
afa5a9cc-775d-555f-aa17-e605a47aa207,afa5a9cc-775d-555f-aa17-e605a47aa207.jpg
ec8e8925-55a4-5525-a70d-46ed3680dfd6,ec8e8925-55a4-5525-a70d-46ed3680dfd6.jpg
99c4e212-bd9b-5215-b018-619e7ec1f603,99c4e212-bd9b-5215-b018-619e7ec1f603.jpg
e2e8d2f3-4ee1-5bbf-b37c-ca15b8075ca6,e2e8d2f3-4ee1-5bbf-b37c-ca15b8075ca6.jpg
43c1ea08-2e02-5886-b366-c18110b507da,43c1ea08-2e02-5886-b366-c18110b507da.jpg
23ba5c9a-46a6-5352-8c29-7746ccce34a4,23ba5c9a-46a6-5352-8c29-7746ccce34a4.jpg
d65e089a-03aa-5824-91d9-3762e307ae87,d65e089a-03aa-5824-91d9-3762e307ae87.jpg
2e4c62e7-29af-5279-b213-aa79b4215ad3,2e4c62e7-29af-5279-b213-aa79b4215ad3.jpg
332a53bb-4e33-5ec2-a973-4a8476ca1afc,332a53bb-4e33-5ec2-a973-4a8476ca1afc.jpg
e656c3ec-f254-581f-a22b-c4b0e4df3de4,e656c3ec-f254-581f-a22b-c4b0e4df3de4.jpg
1edd9485-dc2e-5423-ae9a-c95476abc507,1edd9485-dc2e-5423-ae9a-c95476abc507.jpg
0fae9bc5-dad8-56f1-b017-1c3b3ba74d2e,0fae9bc5-dad8-56f1-b017-1c3b3ba74d2e.jpg
07bba8e5-fde4-5283-af42-2b2a8767597f,07bba8e5-fde4-5283-af42-2b2a8767597f.jpg
4681791e-8ac9-5e43-83d9-73fd17c37470,4681791e-8ac9-5e43-83d9-73fd17c37470.jpg
1b7d050d-dacc-57a2-bc8b-5919497d5bfa,1b7d050d-dacc-57a2-bc8b-5919497d5bfa.jpg
c1a5b0d7-12c9-5b4e-9052-d1317edd0268,c1a5b0d7-12c9-5b4e-9052-d1317edd0268.jpg
b4e232cc-e1fe-58b7-81da-3b8020e47eb7,b4e232cc-e1fe-58b7-81da-3b8020e47eb7.jpg
ae6704e5-ace5-5389-bb80-5e1b6d37ab46,ae6704e5-ace5-5389-bb80-5e1b6d37ab46.jpg
34dba4aa-cc5e-52dc-ad41-320e41ed93ac,34dba4aa-cc5e-52dc-ad41-320e41ed93ac.jpg
289b3eb8-5d8f-5e6d-9a01-2354c855865c,289b3eb8-5d8f-5e6d-9a01-2354c855865c.jpg
70bfdba7-3cab-5bfe-b721-9cb7023baf32,70bfdba7-3cab-5bfe-b721-9cb7023baf32.jpg
942c2f5a-503b-5092-b725-847f90e4df1c,942c2f5a-503b-5092-b725-847f90e4df1c.jpg
3f91fd1d-9db1-5902-a9b3-d370892746dc,3f91fd1d-9db1-5902-a9b3-d370892746dc.jpg
76e64903-b0f4-5487-a7fb-4bcf59bcdff8,76e64903-b0f4-5487-a7fb-4bcf59bcdff8.jpg
916cf21b-176d-5ddc-aa3c-12f5ddef71d5,916cf21b-176d-5ddc-aa3c-12f5ddef71d5.jpg
dbb88838-5edb-5609-b287-cd9afc2f1e52,dbb88838-5edb-5609-b287-cd9afc2f1e52.jpg
cf2cc30f-052a-55a7-b338-91945510f800,cf2cc30f-052a-55a7-b338-91945510f800.jpg
cb727e0e-f2d3-5c9f-9867-0bc7eb5e8f88,cb727e0e-f2d3-5c9f-9867-0bc7eb5e8f88.jpg
7b5979dd-bbba-5abb-9b32-e638f8e20394,7b5979dd-bbba-5abb-9b32-e638f8e20394.jpg
8723081d-f09f-59fe-a595-1c46a11bad1b,8723081d-f09f-59fe-a595-1c46a11bad1b.jpg
ba3b2da2-abd9-5651-b7d0-b7d82dcb64f5,ba3b2da2-abd9-5651-b7d0-b7d82dcb64f5.jpg
a229eb78-f7d1-516b-8bce-ea2e51443512,a229eb78-f7d1-516b-8bce-ea2e51443512.jpg
17142be6-72a0-578f-8c82-0bc52b3194c4,17142be6-72a0-578f-8c82-0bc52b3194c4.jpg
b14abc2e-7182-5b39-8f0d-0a59609bb68d,b14abc2e-7182-5b39-8f0d-0a59609bb68d.jpg
7c844e04-e224-5fb8-b840-3f751b49bb2b,7c844e04-e224-5fb8-b840-3f751b49bb2b.jpg
7f90af1c-d138-5dc3-ae55-acce0b4e4fb9,7f90af1c-d138-5dc3-ae55-acce0b4e4fb9.jpg
ed91dff0-8056-54a2-8589-d559216fb398,ed91dff0-8056-54a2-8589-d559216fb398.jpg
8f3ac291-bea3-594e-bba1-b680603a978d,8f3ac291-bea3-594e-bba1-b680603a978d.jpg
3df311f6-c28a-5975-9867-6e7c0f5b84c8,3df311f6-c28a-5975-9867-6e7c0f5b84c8.jpg
696939c5-3c60-5f09-b331-8759931bd589,696939c5-3c60-5f09-b331-8759931bd589.jpg
e35c45dc-d9d4-5b9c-830f-fa3397426d4a,e35c45dc-d9d4-5b9c-830f-fa3397426d4a.jpg
c839dcbf-4218-5d49-8a00-03f52be09384,c839dcbf-4218-5d49-8a00-03f52be09384.jpg
8b2c72c0-40bb-5ee9-9477-a23ee0f86973,8b2c72c0-40bb-5ee9-9477-a23ee0f86973.jpg
74b9775f-4614-5c4f-b8e5-3dc6828e9776,74b9775f-4614-5c4f-b8e5-3dc6828e9776.jpg
b4b90703-36b0-5d0a-bfb1-c574cea244ea,b4b90703-36b0-5d0a-bfb1-c574cea244ea.jpg
9ac18a59-6085-54d3-8f73-95574c1de763,9ac18a59-6085-54d3-8f73-95574c1de763.jpg
4f83b84f-4467-5754-bdee-1a316c910add,4f83b84f-4467-5754-bdee-1a316c910add.jpg
4c9fbe15-00ce-5c27-9aff-49ca9f63c9b9,4c9fbe15-00ce-5c27-9aff-49ca9f63c9b9.jpg
b8350559-770d-5823-97b1-a7c8032c9145,b8350559-770d-5823-97b1-a7c8032c9145.jpg
f5f2e0db-4535-54af-86c9-274f9c331be3,f5f2e0db-4535-54af-86c9-274f9c331be3.jpg
88359656-8fd6-546e-85b7-652575352f07,88359656-8fd6-546e-85b7-652575352f07.jpg
69683508-1126-504a-abb4-e41323c1a3e7,69683508-1126-504a-abb4-e41323c1a3e7.jpg
04b85c48-bad0-5dea-992b-234bc651cb43,04b85c48-bad0-5dea-992b-234bc651cb43.jpg
f96874b0-f99b-5a0d-bd2f-70ac9100b7d2,f96874b0-f99b-5a0d-bd2f-70ac9100b7d2.jpg
188795a3-a950-5bc4-b5cd-b636f9b30beb,188795a3-a950-5bc4-b5cd-b636f9b30beb.jpg
647663df-fc1e-5852-acf5-81b72370e86d,647663df-fc1e-5852-acf5-81b72370e86d.jpg
ee3f56c3-0ec8-5df7-82aa-2fda16bbf293,ee3f56c3-0ec8-5df7-82aa-2fda16bbf293.jpg
273ed797-e45a-51ed-82ea-23920fdd44a2,273ed797-e45a-51ed-82ea-23920fdd44a2.jpg
6553682d-eabc-543d-8609-cf4f27c8c77c,6553682d-eabc-543d-8609-cf4f27c8c77c.jpg
921cb18f-152a-5bdf-887f-10dd8d4e748c,921cb18f-152a-5bdf-887f-10dd8d4e748c.jpg
aa05d0b3-aeb3-5b98-a555-0cb596a7dc61,aa05d0b3-aeb3-5b98-a555-0cb596a7dc61.jpg
d1efae19-ac3a-5bac-805b-0d3053d40e14,d1efae19-ac3a-5bac-805b-0d3053d40e14.jpg
2525196a-c2cb-589a-b873-f57f850d033f,2525196a-c2cb-589a-b873-f57f850d033f.jpg
0c478c8a-3ca5-572d-b03c-23b9f7c4e6f5,0c478c8a-3ca5-572d-b03c-23b9f7c4e6f5.jpg
3871aff4-c8ae-562c-a08f-8fe61da50d2a,3871aff4-c8ae-562c-a08f-8fe61da50d2a.jpg
2fa76dd2-998f-509e-abfa-26a95ccd00da,2fa76dd2-998f-509e-abfa-26a95ccd00da.jpg
bec0047c-6e05-51d4-851b-920d61864066,bec0047c-6e05-51d4-851b-920d61864066.jpg
a14a79ee-bfaf-5bd9-a664-1bf71b6c3b60,a14a79ee-bfaf-5bd9-a664-1bf71b6c3b60.jpg
ac6ae348-0026-5ff7-9031-0081a07f19f9,ac6ae348-0026-5ff7-9031-0081a07f19f9.jpg
cd3e39f3-a703-58a2-826a-7a52d0a491c6,cd3e39f3-a703-58a2-826a-7a52d0a491c6.jpg
3a6946da-babe-5a19-b005-03a7df7db152,3a6946da-babe-5a19-b005-03a7df7db152.jpg
60f28763-2868-530f-9eba-bc6770126b59,60f28763-2868-530f-9eba-bc6770126b59.jpg
fab72dcd-afce-58d3-a1c8-65486d302513,fab72dcd-afce-58d3-a1c8-65486d302513.jpg
b9dd0612-adbf-555c-9344-f1b4ab6d79f6,b9dd0612-adbf-555c-9344-f1b4ab6d79f6.jpg
152e1b6c-d790-5d0e-bac6-57b8347e783f,152e1b6c-d790-5d0e-bac6-57b8347e783f.jpg
f3ca5cd6-73cc-5129-afdc-8ac0eb735f94,f3ca5cd6-73cc-5129-afdc-8ac0eb735f94.jpg
848217c1-72c1-504c-8282-20d94c22a57d,848217c1-72c1-504c-8282-20d94c22a57d.jpg
0a5b0955-18ed-587f-af94-f2755e18dbd7,0a5b0955-18ed-587f-af94-f2755e18dbd7.jpg
0d0d426b-a60d-5ff9-ad4f-774d2d44343f,0d0d426b-a60d-5ff9-ad4f-774d2d44343f.jpg
74e1618d-1fd1-5a86-b951-3819e83fb3dd,74e1618d-1fd1-5a86-b951-3819e83fb3dd.jpg
66b9d1fc-fe43-53f6-8d9a-0aabbd80721c,66b9d1fc-fe43-53f6-8d9a-0aabbd80721c.jpg
bfd06a47-f7b6-5743-ace2-6b0df8c04bf6,bfd06a47-f7b6-5743-ace2-6b0df8c04bf6.jpg
c6b6b147-a198-523d-9f8c-f317d306762d,c6b6b147-a198-523d-9f8c-f317d306762d.jpg
170646ad-1b64-55c7-a92b-77812552cd2c,170646ad-1b64-55c7-a92b-77812552cd2c.jpg
bea314c5-d6b2-5808-9d10-d2346b0f343e,bea314c5-d6b2-5808-9d10-d2346b0f343e.jpg
2d7914b8-8a84-5658-a030-6355c003e2b7,2d7914b8-8a84-5658-a030-6355c003e2b7.jpg
d6941a4b-46b5-59ff-b32c-58961dd1b7e6,d6941a4b-46b5-59ff-b32c-58961dd1b7e6.jpg
3d42a088-ba2c-5f8e-8142-69d834e0e6f9,3d42a088-ba2c-5f8e-8142-69d834e0e6f9.jpg
1af2b7ee-8acf-5270-a0dc-47ec99c08e5c,1af2b7ee-8acf-5270-a0dc-47ec99c08e5c.jpg
e647c9d8-539c-5a92-960d-fa319cb1cce2,e647c9d8-539c-5a92-960d-fa319cb1cce2.jpg
91c7ccd4-06e6-5339-9c8d-4c3ae645de98,91c7ccd4-06e6-5339-9c8d-4c3ae645de98.jpg
50b74ce2-8e3f-5543-8c76-304b75123d1e,50b74ce2-8e3f-5543-8c76-304b75123d1e.jpg
1fe8aeea-d00b-55cb-b430-1b4ac2ed6bd8,1fe8aeea-d00b-55cb-b430-1b4ac2ed6bd8.jpg
755b5a6b-9503-5ce8-a2e8-83e235f7bec2,755b5a6b-9503-5ce8-a2e8-83e235f7bec2.jpg
98ebfd54-216d-5827-950d-4c36f5d75312,98ebfd54-216d-5827-950d-4c36f5d75312.jpg
90287a7f-df61-53ab-9b89-63b68a22fa1e,90287a7f-df61-53ab-9b89-63b68a22fa1e.jpg
bb3690f3-ec5f-5552-a30b-9e3400493836,bb3690f3-ec5f-5552-a30b-9e3400493836.jpg
a82a17f0-7b66-5b93-b674-f11cdd776b7e,a82a17f0-7b66-5b93-b674-f11cdd776b7e.jpg
5569e757-7045-53d6-a5fd-70156d67857d,5569e757-7045-53d6-a5fd-70156d67857d.jpg
2cac12f0-4dc6-54ef-8d6b-429a6d262d6c,2cac12f0-4dc6-54ef-8d6b-429a6d262d6c.jpg
b82d4fee-063a-58e9-8967-fdcf2fe87d50,b82d4fee-063a-58e9-8967-fdcf2fe87d50.jpg
09f7b7ca-b943-5cb9-8b00-cb0d908a247b,09f7b7ca-b943-5cb9-8b00-cb0d908a247b.jpg
aaff5ddf-d24b-58b6-9d11-fd66c5dc77a4,aaff5ddf-d24b-58b6-9d11-fd66c5dc77a4.jpg
e02d464c-b401-5839-89df-e8688219c1ba,e02d464c-b401-5839-89df-e8688219c1ba.jpg
1c37ca77-f354-56b9-be9e-4707e8539740,1c37ca77-f354-56b9-be9e-4707e8539740.jpg
19f8c824-8e66-5e56-8ca7-279bacf3252e,19f8c824-8e66-5e56-8ca7-279bacf3252e.jpg
f3c483cc-c271-5299-b024-55ead08e0a91,f3c483cc-c271-5299-b024-55ead08e0a91.jpg
c9fe6f6c-bcd1-55c6-9281-48579018f6f9,c9fe6f6c-bcd1-55c6-9281-48579018f6f9.jpg
b5d98234-35b4-576c-b598-54aacb6d1284,b5d98234-35b4-576c-b598-54aacb6d1284.jpg
adbf96a3-6710-5716-9499-9fea9133bd7e,adbf96a3-6710-5716-9499-9fea9133bd7e.jpg
194f3f3a-c3b2-5b52-934a-28c0a33200f7,194f3f3a-c3b2-5b52-934a-28c0a33200f7.jpg
96042b1b-4a60-5ff9-9daa-f7ab8dfc4469,96042b1b-4a60-5ff9-9daa-f7ab8dfc4469.jpg
895be68b-a66b-579e-9553-7d533096ebae,895be68b-a66b-579e-9553-7d533096ebae.jpg
f717c70b-1b1f-55a8-a041-4de2efb7ecd2,f717c70b-1b1f-55a8-a041-4de2efb7ecd2.jpg
3a48537c-6a03-5474-9cf0-ce92fb3fce43,3a48537c-6a03-5474-9cf0-ce92fb3fce43.jpg
557d7bc4-bb5a-5a60-b3d5-15f7d7141535,557d7bc4-bb5a-5a60-b3d5-15f7d7141535.jpg
ebcd8dd8-ea90-571e-a2be-227ed831cf91,ebcd8dd8-ea90-571e-a2be-227ed831cf91.jpg
4f3edd11-781a-59e6-ab8d-958ab06aac65,4f3edd11-781a-59e6-ab8d-958ab06aac65.jpg
3053eeb8-ce76-54f8-9f25-17ea82ee5ecc,3053eeb8-ce76-54f8-9f25-17ea82ee5ecc.jpg
72f110b7-c361-5213-88a6-278980d6ba5e,72f110b7-c361-5213-88a6-278980d6ba5e.jpg
23c2d179-4723-5eee-8d71-cc843fa871d6,23c2d179-4723-5eee-8d71-cc843fa871d6.jpg
e90f8ec2-ef8d-55fb-b65c-095d25738008,e90f8ec2-ef8d-55fb-b65c-095d25738008.jpg
c996b4d9-1f28-536d-b6f0-199dae5ad157,c996b4d9-1f28-536d-b6f0-199dae5ad157.jpg
c1dc365e-5d69-5556-a10b-547b07562a3e,c1dc365e-5d69-5556-a10b-547b07562a3e.jpg
0845f0a3-353d-50e5-9f9d-54a26b9d2ed6,0845f0a3-353d-50e5-9f9d-54a26b9d2ed6.jpg
cf00407e-716a-5fb0-885d-37c4e3a6ef7d,cf00407e-716a-5fb0-885d-37c4e3a6ef7d.jpg
2fbb3a98-52ac-56db-97ea-ac4f398a2ac6,2fbb3a98-52ac-56db-97ea-ac4f398a2ac6.jpg
6ab2fa7b-d04d-5153-9c01-fce754a91db0,6ab2fa7b-d04d-5153-9c01-fce754a91db0.jpg
6a8f90ec-c6b9-5393-a85a-d972c859b6d5,6a8f90ec-c6b9-5393-a85a-d972c859b6d5.jpg
3b7cd6e2-ee63-5ae1-9834-ae2e994a2310,3b7cd6e2-ee63-5ae1-9834-ae2e994a2310.jpg
1ed61588-e947-588c-897a-11391c329cc2,1ed61588-e947-588c-897a-11391c329cc2.jpg
dc26fcab-80c0-57bf-8d59-7924e951b999,dc26fcab-80c0-57bf-8d59-7924e951b999.jpg
9b5379d9-e7b5-5edd-9d1c-e7870ed69e48,9b5379d9-e7b5-5edd-9d1c-e7870ed69e48.jpg
e5c9af5b-d2db-5bcb-a8b8-e4a463f79d26,e5c9af5b-d2db-5bcb-a8b8-e4a463f79d26.jpg
2f38991d-497a-5552-924d-993a4d9bda26,2f38991d-497a-5552-924d-993a4d9bda26.jpg
1946a443-7f6d-5fce-881f-c79d29362781,1946a443-7f6d-5fce-881f-c79d29362781.jpg
562b26fa-99ba-5c26-80bf-9b55b4857d84,562b26fa-99ba-5c26-80bf-9b55b4857d84.jpg
9cba889e-0eef-55a5-a57e-b2f827b81e16,9cba889e-0eef-55a5-a57e-b2f827b81e16.jpg
5dd7da63-8075-5c36-8153-3ff8739b15ca,5dd7da63-8075-5c36-8153-3ff8739b15ca.jpg
ee4c5ebd-b185-5efe-960d-613cc88df794,ee4c5ebd-b185-5efe-960d-613cc88df794.jpg
94023820-6614-59cc-b930-6a1ca9f06374,94023820-6614-59cc-b930-6a1ca9f06374.jpg
207b48f4-0434-5071-8b13-c4b732209486,207b48f4-0434-5071-8b13-c4b732209486.jpg
1bc80b82-b026-548a-aeec-1dcd3023aa3e,1bc80b82-b026-548a-aeec-1dcd3023aa3e.jpg
4328fb46-533f-59f6-9a7b-0665bf57c91c,4328fb46-533f-59f6-9a7b-0665bf57c91c.jpg
4edb4835-14b4-58ab-8f67-e5fc91e144b7,4edb4835-14b4-58ab-8f67-e5fc91e144b7.jpg
89903004-7ba6-5c52-acf9-c9ac579dc3ed,89903004-7ba6-5c52-acf9-c9ac579dc3ed.jpg
32b23da1-99b5-5e13-9cc3-921453dbee07,32b23da1-99b5-5e13-9cc3-921453dbee07.jpg
30309038-1b80-557e-b6c8-fd93f58113e7,30309038-1b80-557e-b6c8-fd93f58113e7.jpg
2cca2f71-2c9a-5b0c-b1eb-08a831a29cd0,2cca2f71-2c9a-5b0c-b1eb-08a831a29cd0.jpg
b2a9183b-900d-5f77-9559-60f361331bdf,b2a9183b-900d-5f77-9559-60f361331bdf.jpg
913435b4-6ef6-54fd-80df-a0f9b5ebdfbc,913435b4-6ef6-54fd-80df-a0f9b5ebdfbc.jpg
6b8a6c6b-7fa5-50b0-bbbd-a350f786afa7,6b8a6c6b-7fa5-50b0-bbbd-a350f786afa7.jpg
a1cb7a87-a1c1-5a67-a25c-95084def0f99,a1cb7a87-a1c1-5a67-a25c-95084def0f99.jpg
b693fc6c-8f02-587d-a23a-f1a3a9b4833c,b693fc6c-8f02-587d-a23a-f1a3a9b4833c.jpg
1f743a71-6784-53c0-8db9-620317473442,1f743a71-6784-53c0-8db9-620317473442.jpg
be65f041-236a-5c7f-9890-0b858062ff6a,be65f041-236a-5c7f-9890-0b858062ff6a.jpg
a46e832a-ac95-5072-977f-b113c31695fc,a46e832a-ac95-5072-977f-b113c31695fc.jpg
ac4a3f0e-5618-54c6-b3a1-18b1c6acdf9c,ac4a3f0e-5618-54c6-b3a1-18b1c6acdf9c.jpg
58ac17be-1db4-5ec1-ac49-a15d0e0cdcb2,58ac17be-1db4-5ec1-ac49-a15d0e0cdcb2.jpg
d6b5e046-2c54-59d3-af26-2ce72a44eb8b,d6b5e046-2c54-59d3-af26-2ce72a44eb8b.jpg
0c85b273-888a-50d8-aede-b220f2fbb3ab,0c85b273-888a-50d8-aede-b220f2fbb3ab.jpg
0dfc94a7-bbc8-59df-bbc7-7bca16d4482c,0dfc94a7-bbc8-59df-bbc7-7bca16d4482c.jpg
1b735815-4046-5091-80d5-4db816b5412e,1b735815-4046-5091-80d5-4db816b5412e.jpg
cd400126-521b-5c95-9a2f-f0e5d06d153b,cd400126-521b-5c95-9a2f-f0e5d06d153b.jpg
f9626d5d-e752-507e-a5f2-4f8b4ba5aa18,f9626d5d-e752-507e-a5f2-4f8b4ba5aa18.jpg
6f6be35f-daf9-5700-955d-6be6bf1a6acb,6f6be35f-daf9-5700-955d-6be6bf1a6acb.jpg
e91f4249-e18b-59b6-82b0-bb3d76e96d82,e91f4249-e18b-59b6-82b0-bb3d76e96d82.jpg
46c9df79-ba15-5b42-8b6d-b7f2c41984a6,46c9df79-ba15-5b42-8b6d-b7f2c41984a6.jpg
4b5314b2-4598-5f47-9263-d92b30ae85e7,4b5314b2-4598-5f47-9263-d92b30ae85e7.jpg
f2542ac2-675f-55f5-8414-5561f51f5616,f2542ac2-675f-55f5-8414-5561f51f5616.jpg
74dac01d-6b44-572d-8e6f-f28a79dd49da,74dac01d-6b44-572d-8e6f-f28a79dd49da.jpg
b617132a-f07d-55bf-971a-ba7e4d2b2661,b617132a-f07d-55bf-971a-ba7e4d2b2661.jpg
c0c44433-2397-5703-bcee-54c3f7c7d1c5,c0c44433-2397-5703-bcee-54c3f7c7d1c5.jpg
e5bce520-e848-511f-98b4-26c2b58667e0,e5bce520-e848-511f-98b4-26c2b58667e0.jpg
b1f752f8-e44a-55a2-aec9-374fdcdaa590,b1f752f8-e44a-55a2-aec9-374fdcdaa590.jpg
026d8afb-94f7-5228-b96a-16d0071ceb7d,026d8afb-94f7-5228-b96a-16d0071ceb7d.jpg
84ba5593-22d4-53a8-8f12-b618806f300d,84ba5593-22d4-53a8-8f12-b618806f300d.jpg
939f207b-3572-543c-95c9-1c6d1e68285c,939f207b-3572-543c-95c9-1c6d1e68285c.jpg
c238d327-fdec-52b5-9d62-179916edbf3a,c238d327-fdec-52b5-9d62-179916edbf3a.jpg
53f551fb-5dbf-594c-831b-d140814d1935,53f551fb-5dbf-594c-831b-d140814d1935.jpg
9795cc83-5b1a-5065-8e34-3629d50bc5ae,9795cc83-5b1a-5065-8e34-3629d50bc5ae.jpg
03241e33-c00a-5449-81f0-2664d9c4c354,03241e33-c00a-5449-81f0-2664d9c4c354.jpg
79059967-9ea8-5c3a-a111-41455b37159b,79059967-9ea8-5c3a-a111-41455b37159b.jpg
a476a9eb-1533-5174-9575-607eaef21577,a476a9eb-1533-5174-9575-607eaef21577.jpg
d24bc189-65e4-51f4-8df6-9b1785dbd453,d24bc189-65e4-51f4-8df6-9b1785dbd453.jpg
86a6a39e-73e4-55a0-96d4-3c045c03c235,86a6a39e-73e4-55a0-96d4-3c045c03c235.jpg
50a4c346-29de-545c-b13e-e7bf6b26ae71,50a4c346-29de-545c-b13e-e7bf6b26ae71.jpg
0d77bbac-0179-59cd-95cc-b2062daf7ce8,0d77bbac-0179-59cd-95cc-b2062daf7ce8.jpg
4c29df31-31a8-53df-b6d0-cffd33a146f3,4c29df31-31a8-53df-b6d0-cffd33a146f3.jpg
c366de80-895e-5c93-8ccf-1d2fcc9097dc,c366de80-895e-5c93-8ccf-1d2fcc9097dc.jpg
682bd9bd-e906-5a30-987d-1f80dc1f4c23,682bd9bd-e906-5a30-987d-1f80dc1f4c23.jpg
a0ea51ce-652b-5df2-8e6b-d42fe4e62af2,a0ea51ce-652b-5df2-8e6b-d42fe4e62af2.jpg
f2affe5a-f67d-58f6-958a-1245e95eabd9,f2affe5a-f67d-58f6-958a-1245e95eabd9.jpg
355e1938-03d1-5fbf-bc69-cdaae0024bfe,355e1938-03d1-5fbf-bc69-cdaae0024bfe.jpg
03db2eb6-3d3b-5f59-9794-3beeac465767,03db2eb6-3d3b-5f59-9794-3beeac465767.jpg
2dc3b67d-8ad5-5931-8636-878b275f2058,2dc3b67d-8ad5-5931-8636-878b275f2058.jpg
9e3c06be-0384-529c-be9a-0b71a23593cc,9e3c06be-0384-529c-be9a-0b71a23593cc.jpg
33ddb4de-9021-5d3d-8592-b31de7cf1bdd,33ddb4de-9021-5d3d-8592-b31de7cf1bdd.jpg
9f015000-f93d-5947-bdef-b8e41839f301,9f015000-f93d-5947-bdef-b8e41839f301.jpg
179c287b-e7da-5841-92cf-45c36ffb37f6,179c287b-e7da-5841-92cf-45c36ffb37f6.jpg
1ca292ec-2ba1-57d6-a50c-7bc1c9231c3e,1ca292ec-2ba1-57d6-a50c-7bc1c9231c3e.jpg
7539b7e5-00ad-5144-b440-058112f6bb8e,7539b7e5-00ad-5144-b440-058112f6bb8e.jpg
9d7563eb-ad54-5d1d-baf3-d0b08a5ab29f,9d7563eb-ad54-5d1d-baf3-d0b08a5ab29f.jpg
01e55b55-f482-5523-9754-9d33a97562c5,01e55b55-f482-5523-9754-9d33a97562c5.jpg
599b42de-8085-536f-9566-29e04301aa56,599b42de-8085-536f-9566-29e04301aa56.jpg
ec68383d-ba9f-5ece-afbf-b3f7a51f411a,ec68383d-ba9f-5ece-afbf-b3f7a51f411a.jpg
e73186a5-2598-5190-8e26-9d1af84c61fb,e73186a5-2598-5190-8e26-9d1af84c61fb.jpg
bf9e093b-efed-5a7a-b556-9a810ffac9c5,bf9e093b-efed-5a7a-b556-9a810ffac9c5.jpg
f56bb29b-2626-58d6-94d8-43f3d4033371,f56bb29b-2626-58d6-94d8-43f3d4033371.jpg
2fbd71c7-f343-5902-9bf0-63e893b37367,2fbd71c7-f343-5902-9bf0-63e893b37367.jpg
c97bd688-bed9-5634-8ff4-8ff424816591,c97bd688-bed9-5634-8ff4-8ff424816591.jpg
fcfe63bc-039d-5422-9796-d63858378693,fcfe63bc-039d-5422-9796-d63858378693.jpg
4cb35046-8caa-5559-95ef-eb047ca2fce6,4cb35046-8caa-5559-95ef-eb047ca2fce6.jpg
0a3ed3c6-6801-5275-aaa5-f488d425ec71,0a3ed3c6-6801-5275-aaa5-f488d425ec71.jpg
5e1c9122-d8d6-5d13-ac28-4452f77ba556,5e1c9122-d8d6-5d13-ac28-4452f77ba556.jpg
e3846f95-1be0-5655-bcfd-b67561adb5de,e3846f95-1be0-5655-bcfd-b67561adb5de.jpg
a743f6e6-ce43-5397-9d5e-8463a74d516d,a743f6e6-ce43-5397-9d5e-8463a74d516d.jpg
776e1af6-a348-5b9f-9cc3-e770fe07269e,776e1af6-a348-5b9f-9cc3-e770fe07269e.jpg
63eeb3e5-da97-5981-8cc1-355415645d2e,63eeb3e5-da97-5981-8cc1-355415645d2e.jpg
e92cfd3a-2076-5568-9239-93b5a344c76a,e92cfd3a-2076-5568-9239-93b5a344c76a.jpg
049dd28e-d61b-51fd-a79f-5721ee8c5e99,049dd28e-d61b-51fd-a79f-5721ee8c5e99.jpg
df07ae54-a01a-52dd-97fd-a22b23aea5d8,df07ae54-a01a-52dd-97fd-a22b23aea5d8.jpg
b8d0e3f3-6188-5468-b13b-304f55f21b45,b8d0e3f3-6188-5468-b13b-304f55f21b45.jpg
dfb46173-179d-5e3f-8cfe-56c176a2a549,dfb46173-179d-5e3f-8cfe-56c176a2a549.jpg
769b6624-5e3b-5778-95d3-99498ee3224a,769b6624-5e3b-5778-95d3-99498ee3224a.jpg
77170a92-d8e2-5f0a-8d9d-efc4be1d8aa1,77170a92-d8e2-5f0a-8d9d-efc4be1d8aa1.jpg
4f8fe2c2-74a6-56ce-b686-951f087f62e0,4f8fe2c2-74a6-56ce-b686-951f087f62e0.jpg
d4be5784-fe67-56e7-a20e-82bf77ce0d61,d4be5784-fe67-56e7-a20e-82bf77ce0d61.jpg
e99e32ca-c68e-5ce2-9e41-ef6d476e175d,e99e32ca-c68e-5ce2-9e41-ef6d476e175d.jpg
99041c7b-5416-5863-9bda-2d1e0acf543e,99041c7b-5416-5863-9bda-2d1e0acf543e.jpg
635530da-6d2c-5018-b962-c255ec3e37ae,635530da-6d2c-5018-b962-c255ec3e37ae.jpg
c88d5c8e-81db-510d-958c-d9b7e699b95d,c88d5c8e-81db-510d-958c-d9b7e699b95d.jpg
a7867081-534f-52ca-b3de-21ba3191877d,a7867081-534f-52ca-b3de-21ba3191877d.jpg
417b12d7-19ce-5aee-a10e-7c7cef4c5911,417b12d7-19ce-5aee-a10e-7c7cef4c5911.jpg
19c73666-ad86-5f7f-8fa2-a58539955d3a,19c73666-ad86-5f7f-8fa2-a58539955d3a.jpg
1b647360-8232-5e0f-b066-c42c872d134f,1b647360-8232-5e0f-b066-c42c872d134f.jpg
a8ba3c39-229f-5db3-bfb4-42592dcb9cbd,a8ba3c39-229f-5db3-bfb4-42592dcb9cbd.jpg
46c0c903-2126-5848-8e7c-0b7b63a0ea66,46c0c903-2126-5848-8e7c-0b7b63a0ea66.jpg
02771a36-a5ae-5c28-bf6f-54728c9cee34,02771a36-a5ae-5c28-bf6f-54728c9cee34.jpg
74152907-66cd-5f68-b2b0-551815fedb8c,74152907-66cd-5f68-b2b0-551815fedb8c.jpg
7e638f4d-a10c-5a32-b53c-3732c042a019,7e638f4d-a10c-5a32-b53c-3732c042a019.jpg
f48600d0-366e-5f7a-9edf-125df358baaa,f48600d0-366e-5f7a-9edf-125df358baaa.jpg
ab728abd-49e3-578f-80c7-bc7f2a739214,ab728abd-49e3-578f-80c7-bc7f2a739214.jpg
f2c1ba18-1d0c-5dad-a0d3-2a8126a854e7,f2c1ba18-1d0c-5dad-a0d3-2a8126a854e7.jpg
2e2ba7bb-56bd-578c-ac08-1530c9a99289,2e2ba7bb-56bd-578c-ac08-1530c9a99289.jpg
1d420fa5-2453-58b7-9ab6-463ddf239886,1d420fa5-2453-58b7-9ab6-463ddf239886.jpg
595a238f-4705-5daf-99ca-dbcff8e43373,595a238f-4705-5daf-99ca-dbcff8e43373.jpg
2956253a-ba0c-5a37-9a0c-f8fdc8df9db1,2956253a-ba0c-5a37-9a0c-f8fdc8df9db1.jpg
3701484c-35eb-5b11-b9ec-5f56316a195f,3701484c-35eb-5b11-b9ec-5f56316a195f.jpg
c718b201-a4e0-5d85-8bfd-063d8c618a43,c718b201-a4e0-5d85-8bfd-063d8c618a43.jpg
ee529ea7-a657-5c6e-bb14-bb31171ce1bc,ee529ea7-a657-5c6e-bb14-bb31171ce1bc.jpg
0de972ff-98af-5a95-8f24-73fd4d414226,0de972ff-98af-5a95-8f24-73fd4d414226.jpg
738c9f0d-53bd-5680-add1-56da9ebf60c8,738c9f0d-53bd-5680-add1-56da9ebf60c8.jpg
9341ac38-77ae-5b6a-aeef-3734a1283f21,9341ac38-77ae-5b6a-aeef-3734a1283f21.jpg
08f64e27-e5b5-58f1-bf1c-08ef8cfc32f1,08f64e27-e5b5-58f1-bf1c-08ef8cfc32f1.jpg
e862c3aa-70d5-5c67-b7ec-54122b3afabd,e862c3aa-70d5-5c67-b7ec-54122b3afabd.jpg
2ec87b5e-a94c-5745-8b00-e12b658792d6,2ec87b5e-a94c-5745-8b00-e12b658792d6.jpg
7caf0b0a-6f37-5769-a066-fb5c382ee11d,7caf0b0a-6f37-5769-a066-fb5c382ee11d.jpg
f7074ca4-8208-5d68-a5f9-48d859df7390,f7074ca4-8208-5d68-a5f9-48d859df7390.jpg
28b19c49-8ff5-58c3-aeec-4a73cb84703f,28b19c49-8ff5-58c3-aeec-4a73cb84703f.jpg
63547637-51c5-5e80-bcc0-6c36abc05ce3,63547637-51c5-5e80-bcc0-6c36abc05ce3.jpg
d6038071-17ba-5a2a-89f7-88a748f0f2b7,d6038071-17ba-5a2a-89f7-88a748f0f2b7.jpg
d2b13bd5-96fe-5a04-8a76-45562b52432e,d2b13bd5-96fe-5a04-8a76-45562b52432e.jpg
e96e7a24-2e34-5a33-9666-f55708fa20a2,e96e7a24-2e34-5a33-9666-f55708fa20a2.jpg
2759bbc4-60ac-5292-93ba-387db24adba5,2759bbc4-60ac-5292-93ba-387db24adba5.jpg
317f3373-0d66-5e8e-ad01-80fef6a4bd0a,317f3373-0d66-5e8e-ad01-80fef6a4bd0a.jpg
f04f8259-5a8f-5157-8635-a2cb33bb44c8,f04f8259-5a8f-5157-8635-a2cb33bb44c8.jpg
e8a27e2c-05cd-5083-bfa4-38188071c160,e8a27e2c-05cd-5083-bfa4-38188071c160.jpg
fada68ab-f87c-5d47-9269-a693f4fb42a9,fada68ab-f87c-5d47-9269-a693f4fb42a9.jpg
2bff0931-0767-5ac1-aee6-b1bf2d2b4850,2bff0931-0767-5ac1-aee6-b1bf2d2b4850.jpg
40f7ca7b-f6d6-55ed-8e2a-b7e67746a792,40f7ca7b-f6d6-55ed-8e2a-b7e67746a792.jpg
9f285add-efdf-577b-b37f-31c52f81c3fc,9f285add-efdf-577b-b37f-31c52f81c3fc.jpg
1c3b6694-cda3-5c59-9d3a-40ddebc47198,1c3b6694-cda3-5c59-9d3a-40ddebc47198.jpg
619afaf3-b5f0-5a6a-9876-85866f014f2e,619afaf3-b5f0-5a6a-9876-85866f014f2e.jpg
c1d57f7d-dde1-5755-89dc-507db3e3c518,c1d57f7d-dde1-5755-89dc-507db3e3c518.jpg
c9a0aa44-341f-546e-a907-d21fb82d9a45,c9a0aa44-341f-546e-a907-d21fb82d9a45.jpg
9ecfb06c-5dc7-5ec0-8232-3de3d2092f64,9ecfb06c-5dc7-5ec0-8232-3de3d2092f64.jpg
b2cbca51-eb47-5c9d-8768-9f255bec68fc,b2cbca51-eb47-5c9d-8768-9f255bec68fc.jpg
befadae7-94ca-51f0-b0d8-a6ece1ec9bb4,befadae7-94ca-51f0-b0d8-a6ece1ec9bb4.jpg
cb4ccf43-d8e2-51ee-98f5-bbc1163391f9,cb4ccf43-d8e2-51ee-98f5-bbc1163391f9.jpg
b4b0d676-aa80-59f5-9f9b-5720f88868b4,b4b0d676-aa80-59f5-9f9b-5720f88868b4.jpg
c2e72b63-eac2-5efb-80df-509641b076f1,c2e72b63-eac2-5efb-80df-509641b076f1.jpg
0ee17563-7e8f-5e1e-b094-fb2816138288,0ee17563-7e8f-5e1e-b094-fb2816138288.jpg
4c33d0f0-5c67-5bb8-8bc0-cfd04eb2ce83,4c33d0f0-5c67-5bb8-8bc0-cfd04eb2ce83.jpg
01ea3943-95a9-56c8-a5e2-c7b5cef28411,01ea3943-95a9-56c8-a5e2-c7b5cef28411.jpg
c2db31b3-650f-5c76-9756-061a766509bf,c2db31b3-650f-5c76-9756-061a766509bf.jpg
7f79b4e6-12d0-521a-accc-73b0229645dc,7f79b4e6-12d0-521a-accc-73b0229645dc.jpg
4f6d85f4-3cf4-5e30-84c4-ff05d25554f7,4f6d85f4-3cf4-5e30-84c4-ff05d25554f7.jpg
49278d9a-228d-5837-a403-7da3af582279,49278d9a-228d-5837-a403-7da3af582279.jpg
f9426d77-5902-5306-8738-50b46fb24893,f9426d77-5902-5306-8738-50b46fb24893.jpg
73ad56ff-a286-5a74-a1d0-e8f220d7ef4c,73ad56ff-a286-5a74-a1d0-e8f220d7ef4c.jpg
3271104d-26d4-5219-bb4d-d68e8c756dbf,3271104d-26d4-5219-bb4d-d68e8c756dbf.jpg
2a1b7d6b-946c-5060-bae1-8667732d740b,2a1b7d6b-946c-5060-bae1-8667732d740b.jpg
d45f4609-4b9e-5328-a3da-db2bcfeda65d,d45f4609-4b9e-5328-a3da-db2bcfeda65d.jpg
ff6b0456-84fd-556c-b695-ce984469ae88,ff6b0456-84fd-556c-b695-ce984469ae88.jpg
703d7446-1c44-59f3-8629-dff6026c052b,703d7446-1c44-59f3-8629-dff6026c052b.jpg
e4afedbb-955f-5752-a2a4-20f54bb2c4a6,e4afedbb-955f-5752-a2a4-20f54bb2c4a6.jpg
35d76970-d631-523c-b915-570f9b9ca41e,35d76970-d631-523c-b915-570f9b9ca41e.jpg
87ae51d5-f1f1-5285-9506-c8e5b683cca4,87ae51d5-f1f1-5285-9506-c8e5b683cca4.jpg
1c457621-041a-571f-98df-0523228b7bf2,1c457621-041a-571f-98df-0523228b7bf2.jpg
42e713f4-a019-599b-bfb5-e6c39c6db2cb,42e713f4-a019-599b-bfb5-e6c39c6db2cb.jpg
60b7ca2b-4475-50f9-96c5-73afa945f08e,60b7ca2b-4475-50f9-96c5-73afa945f08e.jpg
596aff33-d1f5-5191-bcdd-2c0300ce8dd6,596aff33-d1f5-5191-bcdd-2c0300ce8dd6.jpg
671a2d18-67d4-5dbb-a6e7-5bd4093c28ce,671a2d18-67d4-5dbb-a6e7-5bd4093c28ce.jpg
fab553d1-199f-53ce-bfb9-15f32b495445,fab553d1-199f-53ce-bfb9-15f32b495445.jpg
251cfdab-b6e0-5c8f-bc39-77b790df1a41,251cfdab-b6e0-5c8f-bc39-77b790df1a41.jpg
c8ec8599-d77d-59d0-b796-fd583aac1a57,c8ec8599-d77d-59d0-b796-fd583aac1a57.jpg
bb06f15c-9339-503a-9c48-acfa7f47c64f,bb06f15c-9339-503a-9c48-acfa7f47c64f.jpg
cf8d550c-966c-5d21-9211-8422a7f100e4,cf8d550c-966c-5d21-9211-8422a7f100e4.jpg
4001c21e-a3dd-5f1c-8307-cf533f25fe42,4001c21e-a3dd-5f1c-8307-cf533f25fe42.jpg
160ad266-4ff8-5ce3-9c75-794ffb1b7fe1,160ad266-4ff8-5ce3-9c75-794ffb1b7fe1.jpg
189c938e-54d3-57ff-8e2c-74094b783ccf,189c938e-54d3-57ff-8e2c-74094b783ccf.jpg
390f6653-da3d-5e11-a693-3561fb687f1a,390f6653-da3d-5e11-a693-3561fb687f1a.jpg
0970fcf7-3ca9-5787-bc70-fb0fd1081abd,0970fcf7-3ca9-5787-bc70-fb0fd1081abd.jpg
6a807a3d-bf3f-5526-b60d-792841600e96,6a807a3d-bf3f-5526-b60d-792841600e96.jpg
0f5ac5c5-ff85-543f-a3ef-592565c9452c,0f5ac5c5-ff85-543f-a3ef-592565c9452c.jpg
72dec6f3-2038-55f2-936c-1adc2f156319,72dec6f3-2038-55f2-936c-1adc2f156319.jpg
2eb06723-4317-5996-8397-1618dd2e8f15,2eb06723-4317-5996-8397-1618dd2e8f15.jpg
f66d8871-acdf-5077-830e-43027465150e,f66d8871-acdf-5077-830e-43027465150e.jpg
0d72d168-4a73-58bb-b076-9b03328091de,0d72d168-4a73-58bb-b076-9b03328091de.jpg
289e6d70-3ae3-5732-a543-0ea1eb6c421e,289e6d70-3ae3-5732-a543-0ea1eb6c421e.jpg
a0a97494-d4e2-59fd-9588-f30d16fec9f3,a0a97494-d4e2-59fd-9588-f30d16fec9f3.jpg
7b274b51-18b7-53a0-9ec6-ababa4d5960f,7b274b51-18b7-53a0-9ec6-ababa4d5960f.jpg
84950b61-3fa4-55e6-a7e8-8b66b6b54193,84950b61-3fa4-55e6-a7e8-8b66b6b54193.jpg
f18c828a-e6f0-5430-8f9d-aa17e0e8dad6,f18c828a-e6f0-5430-8f9d-aa17e0e8dad6.jpg
fe7a7a6f-9670-5dea-9512-a9986decb89a,fe7a7a6f-9670-5dea-9512-a9986decb89a.jpg
063d172a-47e7-51d7-a10e-0ad789605494,063d172a-47e7-51d7-a10e-0ad789605494.jpg
e60ab1cc-dfb9-5d19-8e80-72cb8ec54e5b,e60ab1cc-dfb9-5d19-8e80-72cb8ec54e5b.jpg
26894050-9bbe-56a5-8912-8520864e57ce,26894050-9bbe-56a5-8912-8520864e57ce.jpg
8feef329-1551-5ffa-b2aa-ef3a319b9900,8feef329-1551-5ffa-b2aa-ef3a319b9900.jpg
716f000c-dcdf-5496-83ec-6d75a3b9d62d,716f000c-dcdf-5496-83ec-6d75a3b9d62d.jpg
605c5d81-702f-5b16-9497-b32e0204ae9e,605c5d81-702f-5b16-9497-b32e0204ae9e.jpg
8104cc62-e1c3-56a9-a01a-458670be3fbb,8104cc62-e1c3-56a9-a01a-458670be3fbb.jpg
dc024cd6-367b-57b7-9f1d-a8d9dd30ad5b,dc024cd6-367b-57b7-9f1d-a8d9dd30ad5b.jpg
b1f445f0-aff0-55ed-928c-d1687989a58c,b1f445f0-aff0-55ed-928c-d1687989a58c.jpg
98938fac-beed-50fd-bd17-e9ce1cf1a085,98938fac-beed-50fd-bd17-e9ce1cf1a085.jpg
95831a32-9311-5963-a5bd-f8555ce88c0f,95831a32-9311-5963-a5bd-f8555ce88c0f.jpg
8814a38b-3f2d-5925-bfbd-2b5052bdea1d,8814a38b-3f2d-5925-bfbd-2b5052bdea1d.jpg
6cb38be6-f4db-5abd-b17e-5f31e229ad38,6cb38be6-f4db-5abd-b17e-5f31e229ad38.jpg
1539005c-090e-5e29-89da-edf07ef8549f,1539005c-090e-5e29-89da-edf07ef8549f.jpg
910296f9-1ae4-563c-b488-8ce08b419656,910296f9-1ae4-563c-b488-8ce08b419656.jpg
30b97ecd-0722-57f1-a329-cbb5f5749c5d,30b97ecd-0722-57f1-a329-cbb5f5749c5d.jpg
d2b3e967-8713-5766-b4ca-91709d0f3c48,d2b3e967-8713-5766-b4ca-91709d0f3c48.jpg
476d7cef-34c5-5b1e-9847-b4110635a82f,476d7cef-34c5-5b1e-9847-b4110635a82f.jpg
1842d8d5-5a21-57c7-9f57-7efb612f006f,1842d8d5-5a21-57c7-9f57-7efb612f006f.jpg
7af9790d-adaf-5d8b-950c-1b563c16d85c,7af9790d-adaf-5d8b-950c-1b563c16d85c.jpg
a92647ce-8a06-58b6-8369-7f9d1480ba84,a92647ce-8a06-58b6-8369-7f9d1480ba84.jpg
6938cba7-112b-5f4a-9f66-f202c85323b9,6938cba7-112b-5f4a-9f66-f202c85323b9.jpg
ef9afcdf-7552-589a-ab15-26ff6cdd048d,ef9afcdf-7552-589a-ab15-26ff6cdd048d.jpg
806dff19-a0a3-5211-b0d6-67aaa1b27cda,806dff19-a0a3-5211-b0d6-67aaa1b27cda.jpg
2e896088-9378-5603-b3a0-cf1f7bc09a67,2e896088-9378-5603-b3a0-cf1f7bc09a67.jpg
bc17f9aa-7686-595e-9014-6e87ca9207c6,bc17f9aa-7686-595e-9014-6e87ca9207c6.jpg
eca48391-c8ba-55e2-9cf2-5958dad154a0,eca48391-c8ba-55e2-9cf2-5958dad154a0.jpg
d657324b-32ab-545f-b33a-4599ece4b6ff,d657324b-32ab-545f-b33a-4599ece4b6ff.jpg
5447ec24-c23f-564e-b491-cad2e159f651,5447ec24-c23f-564e-b491-cad2e159f651.jpg
97f44927-2143-5319-a68d-c86d2f92cbcc,97f44927-2143-5319-a68d-c86d2f92cbcc.jpg
e62a9e50-0f15-5dd8-afac-93e4798c3d76,e62a9e50-0f15-5dd8-afac-93e4798c3d76.jpg
6b05ba4d-5510-5fa2-bf4a-6a2ba4354793,6b05ba4d-5510-5fa2-bf4a-6a2ba4354793.jpg
2f74c7a3-4fcb-5e75-9c6d-7efa08998de5,2f74c7a3-4fcb-5e75-9c6d-7efa08998de5.jpg
7a7e877e-8bfe-5caf-b3e7-fe04629a536a,7a7e877e-8bfe-5caf-b3e7-fe04629a536a.jpg
059f09b1-17d4-5c37-8f3d-072c42d208b9,059f09b1-17d4-5c37-8f3d-072c42d208b9.jpg
c0867211-216d-5539-b74c-93838017c671,c0867211-216d-5539-b74c-93838017c671.jpg
457f0eb8-b8d3-5f0b-9902-45795e25b9bc,457f0eb8-b8d3-5f0b-9902-45795e25b9bc.jpg
52d16580-f8d3-5a05-b209-9a16ef1b0907,52d16580-f8d3-5a05-b209-9a16ef1b0907.jpg
8675ef3b-c860-57cf-bcf1-85e710a487c2,8675ef3b-c860-57cf-bcf1-85e710a487c2.jpg
d3ba6c2c-8383-5615-a92f-23a3e51a2dd6,d3ba6c2c-8383-5615-a92f-23a3e51a2dd6.jpg
fe9726be-ca83-5729-9f09-b0e27750538b,fe9726be-ca83-5729-9f09-b0e27750538b.jpg
32f6819a-1e6f-503b-bf48-8c159c9b3d0c,32f6819a-1e6f-503b-bf48-8c159c9b3d0c.jpg
bacf71c0-c942-5b68-be8d-563bff7798e2,bacf71c0-c942-5b68-be8d-563bff7798e2.jpg
4a20050f-897c-51c5-bc87-cf90ba49867f,4a20050f-897c-51c5-bc87-cf90ba49867f.jpg
0e9cbc42-62d1-5d0d-83ac-f5ca8d600ad3,0e9cbc42-62d1-5d0d-83ac-f5ca8d600ad3.jpg
39e1f2e2-a609-5fe3-92a5-c0adb7236b3f,39e1f2e2-a609-5fe3-92a5-c0adb7236b3f.jpg
32dddecf-584a-579f-afc4-595e8624940e,32dddecf-584a-579f-afc4-595e8624940e.jpg
4ae56fe0-d2c5-5bf2-ae95-d96086dc6936,4ae56fe0-d2c5-5bf2-ae95-d96086dc6936.jpg
4f848edd-4bc8-5887-a482-ae0b5ced1480,4f848edd-4bc8-5887-a482-ae0b5ced1480.jpg
8080a08f-3e98-5bad-b65c-926ab3886349,8080a08f-3e98-5bad-b65c-926ab3886349.jpg
31ca9aad-7d3f-54b3-bdee-1d10202895b2,31ca9aad-7d3f-54b3-bdee-1d10202895b2.jpg
c91ad156-c722-5596-96c4-ac29f7dca7c2,c91ad156-c722-5596-96c4-ac29f7dca7c2.jpg
b41e8d5d-dcdf-59d4-9680-ef3f6a74d25c,b41e8d5d-dcdf-59d4-9680-ef3f6a74d25c.jpg
b702ff84-6b8c-543a-afcd-7a15d075586b,b702ff84-6b8c-543a-afcd-7a15d075586b.jpg
89bfe521-2877-5185-a393-3d86f6d2c1f7,89bfe521-2877-5185-a393-3d86f6d2c1f7.jpg
f639f5d6-b0fe-5689-8955-6a3dbfd657c6,f639f5d6-b0fe-5689-8955-6a3dbfd657c6.jpg
75c50db1-8302-57c2-8b1c-cb2f3fc3ef4c,75c50db1-8302-57c2-8b1c-cb2f3fc3ef4c.jpg
27228cdf-6637-5562-9a7b-4ac933ab2b42,27228cdf-6637-5562-9a7b-4ac933ab2b42.jpg
4e8b1963-e0c9-5f59-b534-f74e9be7866b,4e8b1963-e0c9-5f59-b534-f74e9be7866b.jpg
68db8d36-d6a4-5adc-9f79-d7ad578f6675,68db8d36-d6a4-5adc-9f79-d7ad578f6675.jpg
dff7ed78-99d7-5bb3-8287-f2d8efd9d0f2,dff7ed78-99d7-5bb3-8287-f2d8efd9d0f2.jpg
3637207d-178c-5606-8ef3-da79fa259973,3637207d-178c-5606-8ef3-da79fa259973.jpg
cb4e5150-1aec-5b67-963e-805bb743f696,cb4e5150-1aec-5b67-963e-805bb743f696.jpg
70edea46-aef6-579a-9d7b-bee975346eb3,70edea46-aef6-579a-9d7b-bee975346eb3.jpg
c1e1c96f-770b-5b83-8085-8109a2881f91,c1e1c96f-770b-5b83-8085-8109a2881f91.jpg
37d9f0bb-2378-5740-88fe-da5db7c3c1a0,37d9f0bb-2378-5740-88fe-da5db7c3c1a0.jpg
077cd2af-986a-5899-aafa-d860387d622a,077cd2af-986a-5899-aafa-d860387d622a.jpg
74544a9a-d653-5193-9e93-792313e32d43,74544a9a-d653-5193-9e93-792313e32d43.jpg
9c71cc46-e477-5e56-9f0f-f29172a7399a,9c71cc46-e477-5e56-9f0f-f29172a7399a.jpg
45e6ed1d-03e7-507f-b412-8cb66d674466,45e6ed1d-03e7-507f-b412-8cb66d674466.jpg
9a1e784c-5a3a-51fc-8196-22e0aa15a2a7,9a1e784c-5a3a-51fc-8196-22e0aa15a2a7.jpg
960dc0d2-8b7e-5289-b39c-11e0a474e36c,960dc0d2-8b7e-5289-b39c-11e0a474e36c.jpg
2e13ab2d-2641-54be-94ce-3f02bc309c55,2e13ab2d-2641-54be-94ce-3f02bc309c55.jpg
dc3b3d45-3a1e-5a31-8ef1-c223b7dd120c,dc3b3d45-3a1e-5a31-8ef1-c223b7dd120c.jpg
49f397e0-83da-5eab-8432-236de947866a,49f397e0-83da-5eab-8432-236de947866a.jpg
bb29c2e7-1223-5078-b78f-1635c4df2c0e,bb29c2e7-1223-5078-b78f-1635c4df2c0e.jpg
c3c12710-349a-5195-9ee3-d85950fc2720,c3c12710-349a-5195-9ee3-d85950fc2720.jpg
eec429b6-43f4-5864-b234-541a3051d7ca,eec429b6-43f4-5864-b234-541a3051d7ca.jpg
a98128a5-a799-5f39-aa4d-8e2428efa9b2,a98128a5-a799-5f39-aa4d-8e2428efa9b2.jpg
b7a5c65b-fc45-5f79-abec-484aa920182b,b7a5c65b-fc45-5f79-abec-484aa920182b.jpg
76ccaf71-55ac-5e6d-a326-0f797ec12578,76ccaf71-55ac-5e6d-a326-0f797ec12578.jpg
c905e6ad-824c-5f71-9516-56eef2825aba,c905e6ad-824c-5f71-9516-56eef2825aba.jpg
0b714963-bcf4-5583-9647-27b7cfbc528f,0b714963-bcf4-5583-9647-27b7cfbc528f.jpg
b56de058-4087-5c97-8a04-fbfd0126de72,b56de058-4087-5c97-8a04-fbfd0126de72.jpg
1021f158-640e-597d-81b4-726cc131c0cf,1021f158-640e-597d-81b4-726cc131c0cf.jpg
d130482d-8447-5dc3-8c85-1be9d202614b,d130482d-8447-5dc3-8c85-1be9d202614b.jpg
83a91442-24d3-553b-8683-b5ee0cfeb74e,83a91442-24d3-553b-8683-b5ee0cfeb74e.jpg
ca3a730d-af3e-5a7c-a8a8-87105f17790e,ca3a730d-af3e-5a7c-a8a8-87105f17790e.jpg
67a48091-716e-594d-a7cb-546693fa7745,67a48091-716e-594d-a7cb-546693fa7745.jpg
c7f92985-c8d1-57bb-be99-ba78d11d03ed,c7f92985-c8d1-57bb-be99-ba78d11d03ed.jpg
831381d7-ff16-5572-b953-59c8be59e37a,831381d7-ff16-5572-b953-59c8be59e37a.jpg
d65cee00-9985-5572-a99d-7a6566c2a7cb,d65cee00-9985-5572-a99d-7a6566c2a7cb.jpg
32933f6a-4614-54ea-9a9d-fb4954a20606,32933f6a-4614-54ea-9a9d-fb4954a20606.jpg
d55b407c-2dd7-5b4d-ac24-b5e7cc89023c,d55b407c-2dd7-5b4d-ac24-b5e7cc89023c.jpg
77705c2d-8da5-5b87-a3f2-0c75785e813d,77705c2d-8da5-5b87-a3f2-0c75785e813d.jpg
c413a00a-a5df-58e3-9635-ab2104ea6f45,c413a00a-a5df-58e3-9635-ab2104ea6f45.jpg
5c82adaf-8679-521d-85a8-1010d3f45ae0,5c82adaf-8679-521d-85a8-1010d3f45ae0.jpg
ec8c4e92-23be-5b25-9f11-472f9686b3ed,ec8c4e92-23be-5b25-9f11-472f9686b3ed.jpg
d616c892-0a1e-5794-a4dd-dc650e347c96,d616c892-0a1e-5794-a4dd-dc650e347c96.jpg
3d181889-6d35-5109-908d-6095faaf1d02,3d181889-6d35-5109-908d-6095faaf1d02.jpg
0884690d-703a-567b-a0e2-8d33e2c0fcc7,0884690d-703a-567b-a0e2-8d33e2c0fcc7.jpg
3cee6569-5221-584e-b416-61d9a5f4e938,3cee6569-5221-584e-b416-61d9a5f4e938.jpg
27721011-0eed-5721-982b-63f99c7bbe99,27721011-0eed-5721-982b-63f99c7bbe99.jpg
93206afb-8dd6-544e-ba8f-a9a44f68f3f8,93206afb-8dd6-544e-ba8f-a9a44f68f3f8.jpg
19b990e0-dac9-55a9-ae2b-62fa53b9f774,19b990e0-dac9-55a9-ae2b-62fa53b9f774.jpg
bfeb4abc-9986-529d-8ac9-5badbc46af29,bfeb4abc-9986-529d-8ac9-5badbc46af29.jpg
aa79ed52-e947-5c00-993a-8ac271b49b9c,aa79ed52-e947-5c00-993a-8ac271b49b9c.jpg
1dd5d31d-5d5e-57dc-918e-f03e1d6b823e,1dd5d31d-5d5e-57dc-918e-f03e1d6b823e.jpg
14d6de2b-bb23-5b44-a160-67c9cfaccd88,14d6de2b-bb23-5b44-a160-67c9cfaccd88.jpg
14c017aa-2ece-510a-83d9-fe14a21a2844,14c017aa-2ece-510a-83d9-fe14a21a2844.jpg
11fa15a4-894c-591e-91c3-9e6519646fbd,11fa15a4-894c-591e-91c3-9e6519646fbd.jpg
e83fa529-407a-5adc-9433-64b6c5a77921,e83fa529-407a-5adc-9433-64b6c5a77921.jpg
c9be9b01-ecc5-5c6d-a24d-57bb6b8226ac,c9be9b01-ecc5-5c6d-a24d-57bb6b8226ac.jpg
e5c9c645-ffec-5f57-8317-3df42fed346d,e5c9c645-ffec-5f57-8317-3df42fed346d.jpg
43e39d74-f97d-597e-9d61-2ff153e353cf,43e39d74-f97d-597e-9d61-2ff153e353cf.jpg
8d06e4a7-aaab-5870-a37c-e02a538ee59d,8d06e4a7-aaab-5870-a37c-e02a538ee59d.jpg
47ff2b6f-0839-5b71-a571-286c9a936382,47ff2b6f-0839-5b71-a571-286c9a936382.jpg
406efe01-3d38-57e8-b071-e2dc8ed81c45,406efe01-3d38-57e8-b071-e2dc8ed81c45.jpg
db9d9ee9-7ec0-50e5-acbf-ee3376c4edfe,db9d9ee9-7ec0-50e5-acbf-ee3376c4edfe.jpg
2f564887-2ef8-5543-b6a6-fc47c5fdda23,2f564887-2ef8-5543-b6a6-fc47c5fdda23.jpg
42de5aeb-d837-5b2e-9bee-d9c23aa13753,42de5aeb-d837-5b2e-9bee-d9c23aa13753.jpg
a5be67e5-e36c-5556-aa90-c69af0c36e24,a5be67e5-e36c-5556-aa90-c69af0c36e24.jpg
4ecd44ec-cd0b-531e-b7df-a67e3095a0db,4ecd44ec-cd0b-531e-b7df-a67e3095a0db.jpg
167e0a3a-6b32-516e-9f44-9e606cb10212,167e0a3a-6b32-516e-9f44-9e606cb10212.jpg
5776d7af-828d-50bb-80ce-02999acc53fa,5776d7af-828d-50bb-80ce-02999acc53fa.jpg
fd6a35bd-d605-5033-8e1d-7dd7222d5141,fd6a35bd-d605-5033-8e1d-7dd7222d5141.jpg
9b1c26b8-f55a-5a6d-8aa4-2249e6efc866,9b1c26b8-f55a-5a6d-8aa4-2249e6efc866.jpg
81e7a99c-46cf-5738-b781-9639339bb94f,81e7a99c-46cf-5738-b781-9639339bb94f.jpg
b42c46d1-fe41-5e7c-8db6-56113a9f9f03,b42c46d1-fe41-5e7c-8db6-56113a9f9f03.jpg
2baaa47a-525e-5c64-8da8-68a1918ac050,2baaa47a-525e-5c64-8da8-68a1918ac050.jpg
e8643d87-4a05-5846-946d-60e778d38da0,e8643d87-4a05-5846-946d-60e778d38da0.jpg
98429963-0663-5248-99fe-411eb2eb7c75,98429963-0663-5248-99fe-411eb2eb7c75.jpg
df417793-561d-58ad-b050-084bdf0dbb94,df417793-561d-58ad-b050-084bdf0dbb94.jpg
c5714c92-9c75-5a27-a1ea-71522bd53fb9,c5714c92-9c75-5a27-a1ea-71522bd53fb9.jpg
cafccdb8-72cb-51c2-ac1e-d7c4c5457829,cafccdb8-72cb-51c2-ac1e-d7c4c5457829.jpg
b3a8d97e-c395-5ebc-9c55-f0f9b263ba1f,b3a8d97e-c395-5ebc-9c55-f0f9b263ba1f.jpg
4009a54d-c55b-511e-9b1a-44ca3fc7bf7b,4009a54d-c55b-511e-9b1a-44ca3fc7bf7b.jpg
1be5de2e-d744-5aa5-b177-da7b5bc57067,1be5de2e-d744-5aa5-b177-da7b5bc57067.jpg
49f1e18e-9fb2-513d-b84b-83980a41e835,49f1e18e-9fb2-513d-b84b-83980a41e835.jpg
aea9308d-645c-5a73-8795-2b3f511b4598,aea9308d-645c-5a73-8795-2b3f511b4598.jpg
8e54b7d6-ed01-5628-9912-219755d4afde,8e54b7d6-ed01-5628-9912-219755d4afde.jpg
b1df6dc9-7c5c-5fff-b538-4a30bf0b9bc0,b1df6dc9-7c5c-5fff-b538-4a30bf0b9bc0.jpg
de1c39a4-5842-5638-81d8-044a993034c3,de1c39a4-5842-5638-81d8-044a993034c3.jpg
4e5234f7-76e0-51dd-823d-03154d6cec84,4e5234f7-76e0-51dd-823d-03154d6cec84.jpg
e12408e6-2031-531f-91ca-ef5ebe9be702,e12408e6-2031-531f-91ca-ef5ebe9be702.jpg
8a65f2e4-45e1-504b-b8d8-af58c7d350a7,8a65f2e4-45e1-504b-b8d8-af58c7d350a7.jpg
041b821a-a57a-5012-bb6b-04c33b2c18d9,041b821a-a57a-5012-bb6b-04c33b2c18d9.jpg
344307a6-202e-5cfd-9700-de0bbfe242d0,344307a6-202e-5cfd-9700-de0bbfe242d0.jpg
388d99dc-8557-5323-ba2d-0a0528b9c87e,388d99dc-8557-5323-ba2d-0a0528b9c87e.jpg
b2df6bc0-1f90-53bc-b745-382c808064c4,b2df6bc0-1f90-53bc-b745-382c808064c4.jpg
6aa35737-5114-50d4-a63d-00472440b454,6aa35737-5114-50d4-a63d-00472440b454.jpg
886f6a00-d548-572e-aab6-051480b2948c,886f6a00-d548-572e-aab6-051480b2948c.jpg
8bdcc3a4-55fa-564c-b40e-cd47ebcb4aaf,8bdcc3a4-55fa-564c-b40e-cd47ebcb4aaf.jpg
27b604cb-6aca-5927-aed5-582ad81ecb77,27b604cb-6aca-5927-aed5-582ad81ecb77.jpg
2e70a883-b235-5079-b3ec-2c25d4717435,2e70a883-b235-5079-b3ec-2c25d4717435.jpg
28f301fc-3f0f-5aac-a688-9ec1836d1c90,28f301fc-3f0f-5aac-a688-9ec1836d1c90.jpg
2a62c55b-cebc-52d3-9def-7dc3436d5542,2a62c55b-cebc-52d3-9def-7dc3436d5542.jpg
b3843531-308b-5431-a078-5c7ae4868d66,b3843531-308b-5431-a078-5c7ae4868d66.jpg
2690da96-aa61-554d-b8f2-93961cc2759d,2690da96-aa61-554d-b8f2-93961cc2759d.jpg
06f65bb4-5793-5d07-9566-c28b5b63345c,06f65bb4-5793-5d07-9566-c28b5b63345c.jpg
c24c4844-e707-5a86-86ab-7c1b08f8acb3,c24c4844-e707-5a86-86ab-7c1b08f8acb3.jpg
b4cae2c0-32c5-5f47-8451-64e77af101aa,b4cae2c0-32c5-5f47-8451-64e77af101aa.jpg
45626e41-8dae-52cb-b617-1e907e3ddeaa,45626e41-8dae-52cb-b617-1e907e3ddeaa.jpg
9728f0d0-ca98-51ad-96d3-e5722f409ad6,9728f0d0-ca98-51ad-96d3-e5722f409ad6.jpg
eb082468-f449-56c9-a838-aafd8423699a,eb082468-f449-56c9-a838-aafd8423699a.jpg
9386e23d-dcc8-5348-be04-5d7f312b0bf9,9386e23d-dcc8-5348-be04-5d7f312b0bf9.jpg
610f6082-c091-5b3a-9079-0132b816112b,610f6082-c091-5b3a-9079-0132b816112b.jpg
c516e6e9-8aa7-52fd-8e1e-3386c528a78a,c516e6e9-8aa7-52fd-8e1e-3386c528a78a.jpg
202a1933-10f2-5bc6-a002-cf39eff1f88b,202a1933-10f2-5bc6-a002-cf39eff1f88b.jpg
d2974ad8-a2ea-5c93-949f-870a3b8ff4d5,d2974ad8-a2ea-5c93-949f-870a3b8ff4d5.jpg
f4058712-92e5-5950-907f-60bc75d7a3d5,f4058712-92e5-5950-907f-60bc75d7a3d5.jpg
2fd1bad0-defa-5f49-9b5c-fe084856ccd6,2fd1bad0-defa-5f49-9b5c-fe084856ccd6.jpg
239d2e7f-03d6-5704-ae48-e7fa0be3c948,239d2e7f-03d6-5704-ae48-e7fa0be3c948.jpg
e221ef31-1ddc-5946-8402-2de13c6ce768,e221ef31-1ddc-5946-8402-2de13c6ce768.jpg
9b860127-41c3-5bfa-9493-498cb7405241,9b860127-41c3-5bfa-9493-498cb7405241.jpg
03552a9e-5d0e-5aad-8b35-03cba6bc3ace,03552a9e-5d0e-5aad-8b35-03cba6bc3ace.jpg
fdaee434-3b45-5012-a05e-642919f30075,fdaee434-3b45-5012-a05e-642919f30075.jpg
0ac7019b-47bc-5c0a-8038-9d24de1b36b9,0ac7019b-47bc-5c0a-8038-9d24de1b36b9.jpg
8df4404c-1fd0-5bc3-ab90-2f0ca9289e3f,8df4404c-1fd0-5bc3-ab90-2f0ca9289e3f.jpg
7e313ba0-de9f-515b-9243-3854393c29d6,7e313ba0-de9f-515b-9243-3854393c29d6.jpg
c0275636-c774-593a-afcf-87bcb82d0bb4,c0275636-c774-593a-afcf-87bcb82d0bb4.jpg
4a97e1c1-0888-5a56-b74f-828075af10d3,4a97e1c1-0888-5a56-b74f-828075af10d3.jpg
cf05f9f4-1bcd-55d1-b73f-f04b64e5e0c2,cf05f9f4-1bcd-55d1-b73f-f04b64e5e0c2.jpg
7edbea59-ae3f-5ef5-940c-f2bb9f57396e,7edbea59-ae3f-5ef5-940c-f2bb9f57396e.jpg
310ce38d-e23f-59f5-916d-790e2dfda575,310ce38d-e23f-59f5-916d-790e2dfda575.jpg
aa0d3dd4-59c4-5b9e-9a79-edde9b6837ed,aa0d3dd4-59c4-5b9e-9a79-edde9b6837ed.jpg
8e64e066-f57e-5a33-b49b-8c259c1cf898,8e64e066-f57e-5a33-b49b-8c259c1cf898.jpg
bbd30d39-683e-5b2e-b668-82188cd0ae3d,bbd30d39-683e-5b2e-b668-82188cd0ae3d.jpg
e35fc8e2-9560-5b90-8bc6-056b6ef75c7f,e35fc8e2-9560-5b90-8bc6-056b6ef75c7f.jpg
53b4038a-89a4-5420-bb48-f6914fa64e3f,53b4038a-89a4-5420-bb48-f6914fa64e3f.jpg
1133bb60-8215-512b-ba12-dba584e93051,1133bb60-8215-512b-ba12-dba584e93051.jpg
6c9a5d0b-1b6c-58ed-861e-6ba024ef6c05,6c9a5d0b-1b6c-58ed-861e-6ba024ef6c05.jpg
56a6a606-d4da-58ac-a632-9d10c594db42,56a6a606-d4da-58ac-a632-9d10c594db42.jpg
f1ec9cb1-88dc-51c6-aa78-030d18a850f1,f1ec9cb1-88dc-51c6-aa78-030d18a850f1.jpg
3bd00958-6381-5a76-9f91-35cd5bdda0c5,3bd00958-6381-5a76-9f91-35cd5bdda0c5.jpg
b26f796f-c12a-5a5b-a903-3b2166c2726d,b26f796f-c12a-5a5b-a903-3b2166c2726d.jpg
257f6719-50f9-5a06-b51c-23ad74d71d62,257f6719-50f9-5a06-b51c-23ad74d71d62.jpg
86bed977-91b9-5cb6-aaed-f622f59edb17,86bed977-91b9-5cb6-aaed-f622f59edb17.jpg
106ce3d1-b5d0-50cf-8477-98eebc65326e,106ce3d1-b5d0-50cf-8477-98eebc65326e.jpg
c6127734-6b08-538a-9186-209154db5043,c6127734-6b08-538a-9186-209154db5043.jpg
fcd403cd-ebd4-506b-9df1-dafc17bda946,fcd403cd-ebd4-506b-9df1-dafc17bda946.jpg
8d31d95f-b0e0-55d8-bc4c-3dcad39d4e34,8d31d95f-b0e0-55d8-bc4c-3dcad39d4e34.jpg
5f90d4ce-8590-579b-b4b2-b024c9f07a06,5f90d4ce-8590-579b-b4b2-b024c9f07a06.jpg
7a13a263-23b4-5d54-b173-15f560224aa0,7a13a263-23b4-5d54-b173-15f560224aa0.jpg
50f6cf9f-ef57-53d9-b450-57db0dfc8e97,50f6cf9f-ef57-53d9-b450-57db0dfc8e97.jpg
633db644-83cc-5150-9d4a-845da4b793e5,633db644-83cc-5150-9d4a-845da4b793e5.jpg
6b69ee3a-7035-5eb0-82b8-1fa02551ef55,6b69ee3a-7035-5eb0-82b8-1fa02551ef55.jpg
7960d121-ae2a-53c3-a0ba-dcc0ea9c8575,7960d121-ae2a-53c3-a0ba-dcc0ea9c8575.jpg
920fe99e-8b2b-5501-b008-db802e6a86cc,920fe99e-8b2b-5501-b008-db802e6a86cc.jpg
37ef4d11-a254-5ff4-97da-a49bddb85fcd,37ef4d11-a254-5ff4-97da-a49bddb85fcd.jpg
731cf8a5-2544-569b-aa67-818190c77085,731cf8a5-2544-569b-aa67-818190c77085.jpg
daf80eaa-237c-56e1-938d-7fcd4727b84d,daf80eaa-237c-56e1-938d-7fcd4727b84d.jpg
54c21937-d89b-56d7-9ec9-c6566208ed0b,54c21937-d89b-56d7-9ec9-c6566208ed0b.jpg
713382a0-e101-5e37-a95a-af592349514e,713382a0-e101-5e37-a95a-af592349514e.jpg
8ba75cbe-5bbf-5b23-a7e1-a82be4bf0189,8ba75cbe-5bbf-5b23-a7e1-a82be4bf0189.jpg
d5d361c7-8ca5-5651-b34c-a3a8c24d63f5,d5d361c7-8ca5-5651-b34c-a3a8c24d63f5.jpg
0a8bfdfa-b2d8-5157-9e9f-9606033eccbf,0a8bfdfa-b2d8-5157-9e9f-9606033eccbf.jpg
37e0627e-3370-5140-96eb-c8344b2cd2b5,37e0627e-3370-5140-96eb-c8344b2cd2b5.jpg
ad148d62-12b0-553b-8f14-998f9b94e069,ad148d62-12b0-553b-8f14-998f9b94e069.jpg
f79c1f4d-21ed-5392-ae4a-751b6a7867ab,f79c1f4d-21ed-5392-ae4a-751b6a7867ab.jpg
9d96c307-944d-534c-9f89-b0d3c9e0414a,9d96c307-944d-534c-9f89-b0d3c9e0414a.jpg
aecd957b-c95f-5d7c-af71-0f5678d2cd8a,aecd957b-c95f-5d7c-af71-0f5678d2cd8a.jpg
4e1aa56a-acac-563f-89cc-5ef42ebe2105,4e1aa56a-acac-563f-89cc-5ef42ebe2105.jpg
f2255573-22b3-55c6-b90a-acdb9960e3a0,f2255573-22b3-55c6-b90a-acdb9960e3a0.jpg
2827c93c-acbf-5f06-a2ff-154d7b7c1c6d,2827c93c-acbf-5f06-a2ff-154d7b7c1c6d.jpg
56d1408f-762c-5f2b-9df6-791bcef17148,56d1408f-762c-5f2b-9df6-791bcef17148.jpg
05bbe36b-a97f-5e10-96ff-b9eea369599c,05bbe36b-a97f-5e10-96ff-b9eea369599c.jpg
eeced1d8-81b1-58c9-9c02-ba6ea16f38c8,eeced1d8-81b1-58c9-9c02-ba6ea16f38c8.jpg
87511c8e-1c4b-5ced-acc7-894c76a57659,87511c8e-1c4b-5ced-acc7-894c76a57659.jpg
f118af3e-f9ee-5e67-ba7f-04efc3071f94,f118af3e-f9ee-5e67-ba7f-04efc3071f94.jpg
b4807e13-f705-5945-8d22-ebb626f69d98,b4807e13-f705-5945-8d22-ebb626f69d98.jpg
ef5e476d-0b4a-5ea7-b2ef-a8cc787d5aee,ef5e476d-0b4a-5ea7-b2ef-a8cc787d5aee.jpg
e78045fc-c90f-517a-855f-dbbd38ba08a0,e78045fc-c90f-517a-855f-dbbd38ba08a0.jpg
804aa372-9d63-5316-a561-76bcc4dc4801,804aa372-9d63-5316-a561-76bcc4dc4801.jpg
460458f6-712d-5ae9-a399-60a8d1eee4e2,460458f6-712d-5ae9-a399-60a8d1eee4e2.jpg
4f0a5c90-d0cd-5c7b-a006-0cd0fb435783,4f0a5c90-d0cd-5c7b-a006-0cd0fb435783.jpg
b86e02ae-7d65-5c9c-ba00-59a692d4c0ad,b86e02ae-7d65-5c9c-ba00-59a692d4c0ad.jpg
c8db8103-813e-5868-85a5-0ca92c241fa4,c8db8103-813e-5868-85a5-0ca92c241fa4.jpg
a3db8436-b910-57ec-9930-72a6d06d6117,a3db8436-b910-57ec-9930-72a6d06d6117.jpg
4bfa16c7-463f-53e9-b790-16891c870e89,4bfa16c7-463f-53e9-b790-16891c870e89.jpg
2c775c00-2add-5d3e-8803-3b5e3dde1184,2c775c00-2add-5d3e-8803-3b5e3dde1184.jpg
4ee262d5-39a4-506f-b009-4a05811ed928,4ee262d5-39a4-506f-b009-4a05811ed928.jpg
0edf0f03-335a-50b3-998c-18d185c1b9f1,0edf0f03-335a-50b3-998c-18d185c1b9f1.jpg
5615fc6b-58b8-563f-9df4-c5e7754c636e,5615fc6b-58b8-563f-9df4-c5e7754c636e.jpg
6892dab1-8c55-5427-b17c-679aa0baa915,6892dab1-8c55-5427-b17c-679aa0baa915.jpg
92d44b65-1848-5a3b-a7ed-1704066afd2f,92d44b65-1848-5a3b-a7ed-1704066afd2f.jpg
36adfad9-975d-58e7-baa7-2698efd712bc,36adfad9-975d-58e7-baa7-2698efd712bc.jpg
09b75071-3f6b-55bc-b1ab-f81fd5073d9a,09b75071-3f6b-55bc-b1ab-f81fd5073d9a.jpg
51f62f20-1b39-5148-8fa4-6d2dad0fc376,51f62f20-1b39-5148-8fa4-6d2dad0fc376.jpg
fc1f23d5-6b74-58d7-9e15-90f5078c7922,fc1f23d5-6b74-58d7-9e15-90f5078c7922.jpg
66015226-080b-51dd-b185-be133725b879,66015226-080b-51dd-b185-be133725b879.jpg
8a8d37fc-96c4-5a1d-a1bc-37247decd393,8a8d37fc-96c4-5a1d-a1bc-37247decd393.jpg
f502d092-eac6-54bb-9631-508ba08252b4,f502d092-eac6-54bb-9631-508ba08252b4.jpg
65f593e7-2895-5c10-ad3f-00ed7742aeec,65f593e7-2895-5c10-ad3f-00ed7742aeec.jpg
65ef9e4e-d66f-5501-b2f6-50715a712d5f,65ef9e4e-d66f-5501-b2f6-50715a712d5f.jpg
10d2438f-9453-53be-a3d7-2f82646ed9cf,10d2438f-9453-53be-a3d7-2f82646ed9cf.jpg
818179fe-0f22-5836-a06c-55e7821ab3b7,818179fe-0f22-5836-a06c-55e7821ab3b7.jpg
13122926-7c1f-5c6c-8f7b-4acd6fd34dac,13122926-7c1f-5c6c-8f7b-4acd6fd34dac.jpg
04e89706-5165-5e17-9380-15f10ebc0f61,04e89706-5165-5e17-9380-15f10ebc0f61.jpg
e8bbc967-3e32-5f80-9d74-19df15de12b0,e8bbc967-3e32-5f80-9d74-19df15de12b0.jpg
4b678f8c-1dac-5eed-bdb3-92d372135ad8,4b678f8c-1dac-5eed-bdb3-92d372135ad8.jpg
b6c499a7-2042-507f-96e7-7a390a15f313,b6c499a7-2042-507f-96e7-7a390a15f313.jpg
6df580fe-8075-5c3f-836e-8922edb0fd32,6df580fe-8075-5c3f-836e-8922edb0fd32.jpg
622ba462-ada2-5e73-8c88-55028d7596d3,622ba462-ada2-5e73-8c88-55028d7596d3.jpg
72590079-e81e-5443-90ce-dbe0a3e29a42,72590079-e81e-5443-90ce-dbe0a3e29a42.jpg
2a8e953f-7c33-51ef-a1f8-d86bf6a968b7,2a8e953f-7c33-51ef-a1f8-d86bf6a968b7.jpg
fa2388c7-6d59-5008-beb8-fa7193d67b2c,fa2388c7-6d59-5008-beb8-fa7193d67b2c.jpg
1b2389f3-cf24-58a6-81ef-372620c8f006,1b2389f3-cf24-58a6-81ef-372620c8f006.jpg
b870b7eb-00c7-5590-be7c-81425f3f1c93,b870b7eb-00c7-5590-be7c-81425f3f1c93.jpg
2c55cf7e-b078-5ac0-a3c5-853838c295b2,2c55cf7e-b078-5ac0-a3c5-853838c295b2.jpg
9f67c959-c58f-5866-9425-0f09d8aff73b,9f67c959-c58f-5866-9425-0f09d8aff73b.jpg
be2591c0-416e-5c42-bae0-2b8206e1019e,be2591c0-416e-5c42-bae0-2b8206e1019e.jpg
e663b344-d1be-5103-9e64-b57fe1aaa272,e663b344-d1be-5103-9e64-b57fe1aaa272.jpg
39f2c1f9-7251-5700-870f-8414b2993590,39f2c1f9-7251-5700-870f-8414b2993590.jpg
2a69ea17-b3bc-5e94-83fe-c827cde3d49d,2a69ea17-b3bc-5e94-83fe-c827cde3d49d.jpg
7d9d3fc2-05df-513d-ac48-73d209088468,7d9d3fc2-05df-513d-ac48-73d209088468.jpg
8aeb7397-1b8f-5f69-be4a-a573c4d82832,8aeb7397-1b8f-5f69-be4a-a573c4d82832.jpg
fceb6f4c-12e3-53b3-81fe-431a37c6da9d,fceb6f4c-12e3-53b3-81fe-431a37c6da9d.jpg
18b766c8-40f9-559d-8fe8-7573feed8a50,18b766c8-40f9-559d-8fe8-7573feed8a50.jpg
99fea4cc-4aea-5f02-b360-44df85c2da49,99fea4cc-4aea-5f02-b360-44df85c2da49.jpg
d1af23ae-898f-5775-aac9-18e03190d902,d1af23ae-898f-5775-aac9-18e03190d902.jpg
d124cd0e-5786-5133-86fa-e64a2f6258a7,d124cd0e-5786-5133-86fa-e64a2f6258a7.jpg
13d26ce4-9fe3-52ee-a2b6-d65a4cb8c100,13d26ce4-9fe3-52ee-a2b6-d65a4cb8c100.jpg
64cf624e-f9f6-58c5-aaed-8f3986733180,64cf624e-f9f6-58c5-aaed-8f3986733180.jpg
8a6e91db-bff3-50b9-9157-705d192c9909,8a6e91db-bff3-50b9-9157-705d192c9909.jpg
dad11508-398a-54f5-a190-b7fcb7f786dc,dad11508-398a-54f5-a190-b7fcb7f786dc.jpg
805c0a5b-4208-566e-be09-a53728b19ba6,805c0a5b-4208-566e-be09-a53728b19ba6.jpg
cf9a5685-e077-5841-93c4-804af8d3a24e,cf9a5685-e077-5841-93c4-804af8d3a24e.jpg
5eb5c886-ebf4-55a5-b55c-d8c80754c087,5eb5c886-ebf4-55a5-b55c-d8c80754c087.jpg
b472d661-1abf-584c-933f-193eafeab646,b472d661-1abf-584c-933f-193eafeab646.jpg
20be9b36-8d98-5c92-933b-4f4759d90141,20be9b36-8d98-5c92-933b-4f4759d90141.jpg
4dd2f2d1-f2fc-530f-bdd6-eae524bb33d2,4dd2f2d1-f2fc-530f-bdd6-eae524bb33d2.jpg
b71f07d7-c51d-5d3a-82db-a515dfe4805c,b71f07d7-c51d-5d3a-82db-a515dfe4805c.jpg
16a83850-59cd-559e-aa5b-d8ee097a023c,16a83850-59cd-559e-aa5b-d8ee097a023c.jpg
ffedbb63-edd3-5587-9dde-93615e2f5d7d,ffedbb63-edd3-5587-9dde-93615e2f5d7d.jpg
f4d5497f-6fda-542a-990c-fe74625bfd57,f4d5497f-6fda-542a-990c-fe74625bfd57.jpg
cc15cbdf-c2c7-58a4-95f0-f7820d197661,cc15cbdf-c2c7-58a4-95f0-f7820d197661.jpg
857cab64-3c89-55cb-9ad0-2a42ac9c148c,857cab64-3c89-55cb-9ad0-2a42ac9c148c.jpg
bccd5621-dc89-5084-9ba7-7e59e9ae6d50,bccd5621-dc89-5084-9ba7-7e59e9ae6d50.jpg
cf2c5778-404c-58c9-87da-e4b4592f6ba2,cf2c5778-404c-58c9-87da-e4b4592f6ba2.jpg
dfdabe13-feac-538a-a48e-25be6be888aa,dfdabe13-feac-538a-a48e-25be6be888aa.jpg
73e94bcc-998e-5b4a-93a5-0f2040a71527,73e94bcc-998e-5b4a-93a5-0f2040a71527.jpg
ad079e25-9a61-5e95-83d4-914a3768cb35,ad079e25-9a61-5e95-83d4-914a3768cb35.jpg
3d15b80e-7fb8-5a4a-95e8-b54c73fad72d,3d15b80e-7fb8-5a4a-95e8-b54c73fad72d.jpg
88e6cc6e-8e7c-5fbc-860f-6d03477aeb8a,88e6cc6e-8e7c-5fbc-860f-6d03477aeb8a.jpg
0d0d08f9-5813-5148-b98c-43e4a2030129,0d0d08f9-5813-5148-b98c-43e4a2030129.jpg
9669b165-9571-5da1-a9ee-a2d3957dbb6b,9669b165-9571-5da1-a9ee-a2d3957dbb6b.jpg
d0e1971f-ae0a-5d30-b7ef-8e2621b97733,d0e1971f-ae0a-5d30-b7ef-8e2621b97733.jpg
6060f36d-d841-5661-a472-c50f51d01c0a,6060f36d-d841-5661-a472-c50f51d01c0a.jpg
